Unique_ID,Plant_CV,Experiment,Plant,Strain
One_1,0.265433268,One,1,GV3101
One_2,0.175571835,One,2,GV3101
One_3,0.433063155,One,3,GV3101
One_4,0.375595451,One,4,GV3101
One_5,0.171476818,One,5,GV3101
One_6,0.249728433,One,6,GV3101
One_7,0.244000616,One,7,GV3101
One_8,0.192776638,One,8,GV3101
One_9,0.436093713,One,9,GV3101
One_10,0.499164912,One,10,GV3101
One_11,0.206530881,One,11,GV3101
One_12,0.427068001,One,12,GV3101
One_13,0.561146316,One,13,GV3101
One_14,0.230191936,One,14,GV3101
One_15,0.445094887,One,15,GV3101
One_16,0.215857866,One,16,GV3101
One_17,0.154982511,One,17,GV3101
One_18,0.130229699,One,18,GV3101
One_19,0.270712358,One,19,GV3101
One_20,0.277532441,One,20,GV3101
One_21,0.184533148,One,21,GV3101
One_22,0.331627021,One,22,GV3101
One_23,0.385799501,One,23,GV3101
One_24,0.217951062,One,24,GV3101
One_25,0.182013782,One,25,GV3101
One_26,0.347922668,One,26,GV3101
One_27,0.612530956,One,27,GV3101
One_28,0.595966283,One,28,GV3101
One_29,0.230115816,One,29,GV3101
One_30,0.401399855,One,30,GV3101
One_31,0.53139057,One,31,GV3101
One_32,0.185978683,One,32,GV3101
One_33,0.649755532,One,33,GV3101
One_34,0.422827094,One,34,GV3101
Two_1,0.372694205,Two,1,GV3101
Two_2,0.184560095,Two,2,GV3101
Two_3,0.238252156,Two,3,GV3101
Two_4,0.239442926,Two,4,GV3101
Two_5,0.19486449,Two,5,GV3101
Two_6,0.126282481,Two,6,GV3101
Two_7,0.252050292,Two,7,GV3101
Two_8,0.241315142,Two,8,GV3101
Three_1,0.179624771,Three,1,GV3101
Three_2,0.290326065,Three,2,GV3101
Three_3,0.227184912,Three,3,GV3101
Three_4,0.145543403,Three,4,GV3101
Three_5,0.291038148,Three,5,GV3101
Three_6,0.357147613,Three,6,GV3101
Three_7,0.351331338,Three,7,GV3101
Three_8,0.379033543,Three,8,GV3101
Four_1,0.295649668,Four,1,GV3101
Four_2,0.415429792,Four,2,GV3101
Four_3,0.340949513,Four,3,GV3101
Four_4,0.209174236,Four,4,GV3101
Four_5,0.143923981,Four,5,GV3101
Four_6,0.347920063,Four,6,GV3101
Four_7,0.187323401,Four,7,GV3101
Four_8,0.326251425,Four,8,GV3101
Five_1,0.155398882,Five,1,GV3101
Five_2,0.163952975,Five,2,GV3101
Five_3,0.338066034,Five,3,GV3101
Five_4,0.318306579,Five,4,GV3101
Five_5,0.144152514,Five,5,GV3101
Five_6,0.111520178,Five,6,GV3101
Five_7,0.178986144,Five,7,GV3101
Five_8,0.162434353,Five,8,GV3101
Six_1,0.270269756,Six,1,GV3101
Six_2,0.340482741,Six,2,GV3101
Six_3,0.287472583,Six,3,GV3101
Six_4,0.099663992,Six,4,GV3101
Six_5,0.104704129,Six,5,GV3101
Six_6,0.292523985,Six,6,GV3101
Six_7,0.171684467,Six,7,GV3101
Six_8,0.314488894,Six,8,GV3101
Seven_1,0.231529534,Seven,1,GV3101
Seven_2,0.217464183,Seven,2,GV3101
Seven_3,0.253458015,Seven,3,GV3101
Seven_4,0.286529098,Seven,4,GV3101
Seven_5,0.286876953,Seven,5,GV3101
Seven_6,0.306904825,Seven,6,GV3101
Seven_7,0.149794642,Seven,7,GV3101
Seven_8,0.34635004,Seven,8,GV3101
Eight_1,0.104264942,Eight,1,GV3101
Eight_2,0.132960894,Eight,2,GV3101
Eight_3,0.151799979,Eight,3,GV3101
Eight_4,0.370965613,Eight,4,GV3101
Eight_5,0.131201423,Eight,5,GV3101
Eight_6,0.124027594,Eight,6,GV3101
Eight_7,0.13518112,Eight,7,GV3101
Eight_8,0.134658637,Eight,8,GV3101
Nine_1,0.208409021,Nine,1,GV3101
Nine_2,0.214484537,Nine,2,GV3101
Nine_3,0.165211315,Nine,3,GV3101
Nine_4,0.249135032,Nine,4,GV3101
Nine_5,0.282830352,Nine,5,GV3101
Nine_6,0.117191976,Nine,6,GV3101
Nine_7,0.193703527,Nine,7,GV3101
Nine_8,0.302957862,Nine,8,GV3101
Ten_1,0.153847652,Ten,1,GV3101
Ten_2,0.194316223,Ten,2,GV3101
Ten_3,0.148740808,Ten,3,GV3101
Ten_4,0.20379875,Ten,4,GV3101
Ten_5,0.176979431,Ten,5,GV3101
Ten_6,0.194016177,Ten,6,GV3101
Ten_7,0.237573913,Ten,7,GV3101
Ten_8,0.161375511,Ten,8,GV3101
Eleven_1,0.224764839,Eleven,1,GV3101
Eleven_2,0.133522558,Eleven,2,GV3101
Eleven_3,0.164135109,Eleven,3,GV3101
Eleven_4,0.380992366,Eleven,4,GV3101
Eleven_5,0.18178453,Eleven,5,GV3101
Eleven_6,0.240438291,Eleven,6,GV3101
Eleven_7,0.276781408,Eleven,7,GV3101
Eleven_8,0.172300552,Eleven,8,GV3101
Twelve_1,0.068762188,Twelve,1,GV3101
Twelve_2,0.122989292,Twelve,2,GV3101
Twelve_3,0.103341165,Twelve,3,GV3101
Twelve_4,0.097342645,Twelve,4,GV3101
Twelve_5,0.142760479,Twelve,5,GV3101
Twelve_6,0.069630094,Twelve,6,GV3101
Twelve_7,0.138509887,Twelve,7,GV3101
Twelve_8,0.062771707,Twelve,8,GV3101
Twelve_9,0.13095327,Twelve,9,GV3101
Twelve_10,0.092720669,Twelve,10,GV3101
Twelve_11,0.106870967,Twelve,11,GV3101
Twelve_12,0.093465379,Twelve,12,GV3101
Twelve_13,0.123957036,Twelve,13,GV3101
Twelve_14,0.114397477,Twelve,14,GV3101
Twelve_15,0.178772312,Twelve,15,GV3101
Twelve_16,0.147262816,Twelve,16,GV3101
Twelve_17,0.108645916,Twelve,17,GV3101
Twelve_18,0.0911941,Twelve,18,GV3101
Twelve_19,0.335804865,Twelve,19,GV3101
Twelve_20,0.192365815,Twelve,20,GV3101
Twelve_21,0.178456222,Twelve,21,GV3101
Twelve_22,0.260138666,Twelve,22,GV3101
Twelve_23,0.087919272,Twelve,23,GV3101
Twelve_24,0.165000004,Twelve,24,GV3101
Twelve_25,0.239786022,Twelve,25,GV3101
Twelve_26,0.072716197,Twelve,26,GV3101
Twelve_27,0.817710046,Twelve,27,GV3101
Twelve_28,0.110415687,Twelve,28,GV3101
Twelve_29,0.100719022,Twelve,29,GV3101
Twelve_30,0.128134852,Twelve,30,GV3101
Twelve_31,0.222600205,Twelve,31,GV3101
Twelve_32,0.141894597,Twelve,32,GV3101
Twelve_33,0.259850199,Twelve,33,GV3101
Twelve_34,0.206141027,Twelve,34,GV3101
Twelve_35,0.338939891,Twelve,35,GV3101
Twelve_36,0.230009911,Twelve,36,GV3101
Twelve_37,0.137592455,Twelve,37,GV3101
Twelve_38,0.114223966,Twelve,38,GV3101
Twelve_39,0.130481052,Twelve,39,GV3101
Twelve_40,0.22605406,Twelve,40,GV3101
Twelve_41,0.122614635,Twelve,41,GV3101
Twelve_42,0.183939893,Twelve,42,GV3101
Twelve_43,0.161084918,Twelve,43,GV3101
Twelve_44,0.151183552,Twelve,44,GV3101
Twelve_45,0.263325155,Twelve,45,GV3101
Twelve_46,0.068785161,Twelve,46,GV3101
Twelve_47,0.17242441,Twelve,47,GV3101
Twelve_48,0.190707159,Twelve,48,GV3101
Twelve_49,0.129434619,Twelve,49,GV3101
Twelve_50,0.102472903,Twelve,50,GV3101
Twelve_51,0.120040106,Twelve,51,GV3101
Twelve_52,0.265891265,Twelve,52,GV3101
Twelve_53,0.137148305,Twelve,53,GV3101
Twelve_54,0.142137608,Twelve,54,GV3101
Twelve_55,0.19468133,Twelve,55,GV3101
Twelve_56,0.157606413,Twelve,56,GV3101
Twelve_57,0.229906819,Twelve,57,GV3101
Twelve_58,0.2054232,Twelve,58,GV3101
Twelve_59,0.123791695,Twelve,59,GV3101
Twelve_60,0.156748339,Twelve,60,GV3101
Twelve_61,0.148539252,Twelve,61,GV3101
Twelve_62,0.194701471,Twelve,62,GV3101
Twelve_63,0.098564614,Twelve,63,GV3101
Twelve_64,0.133901703,Twelve,64,GV3101
Twelve_65,0.166475183,Twelve,65,GV3101
Twelve_66,0.069954547,Twelve,66,GV3101
Twelve_67,0.164690626,Twelve,67,GV3101
Twelve_68,0.131285432,Twelve,68,GV3101
Twelve_69,0.25773522,Twelve,69,GV3101
Twelve_70,0.120492151,Twelve,70,GV3101
Twelve_71,0.10780935,Twelve,71,GV3101
Twelve_72,0.202504555,Twelve,72,GV3101
Thirteen_1,0.197119293,Thirteen,1,GV3101
Thirteen_2,0.072968149,Thirteen,2,GV3101
Thirteen_3,0.152988651,Thirteen,3,GV3101
Thirteen_4,0.15022568,Thirteen,4,GV3101
Thirteen_5,0.162031105,Thirteen,5,GV3101
Thirteen_6,0.15822971,Thirteen,6,GV3101
Thirteen_7,0.193821964,Thirteen,7,GV3101
Thirteen_8,0.13903357,Thirteen,8,GV3101
Thirteen_9,0.152213868,Thirteen,9,GV3101
Thirteen_10,0.167291697,Thirteen,10,GV3101
Thirteen_11,0.140709619,Thirteen,11,GV3101
Thirteen_12,0.151172343,Thirteen,12,GV3101
Thirteen_13,0.171910591,Thirteen,13,GV3101
Thirteen_14,0.183899786,Thirteen,14,GV3101
Thirteen_15,0.124332965,Thirteen,15,GV3101
Thirteen_16,0.138732747,Thirteen,16,GV3101
Thirteen_17,0.123329221,Thirteen,17,GV3101
Thirteen_18,0.118466971,Thirteen,18,GV3101
Thirteen_19,0.186962255,Thirteen,19,GV3101
Thirteen_20,0.436262823,Thirteen,20,GV3101
Thirteen_21,0.193873114,Thirteen,21,GV3101
Thirteen_22,0.181233767,Thirteen,22,GV3101
Thirteen_23,0.12078715,Thirteen,23,GV3101
Thirteen_24,0.22605765,Thirteen,24,GV3101
Thirteen_25,0.068948431,Thirteen,25,GV3101
Thirteen_26,0.207228132,Thirteen,26,GV3101
Thirteen_27,0.17301654,Thirteen,27,GV3101
Thirteen_28,0.209349586,Thirteen,28,GV3101
Thirteen_29,0.243593525,Thirteen,29,GV3101
Thirteen_30,0.16533547,Thirteen,30,GV3101
Thirteen_31,0.135308636,Thirteen,31,GV3101
Thirteen_32,0.282042497,Thirteen,32,GV3101
Thirteen_33,0.187768147,Thirteen,33,GV3101
Thirteen_34,0.187400035,Thirteen,34,GV3101
Thirteen_35,0.17386955,Thirteen,35,GV3101
Thirteen_36,0.193343714,Thirteen,36,GV3101
Thirteen_37,0.248679059,Thirteen,37,GV3101
Thirteen_38,0.179592887,Thirteen,38,GV3101
Thirteen_39,0.234997316,Thirteen,39,GV3101
Thirteen_40,0.144513207,Thirteen,40,GV3101
Thirteen_41,0.221631838,Thirteen,41,GV3101
Thirteen_42,0.273259731,Thirteen,42,GV3101
Thirteen_43,0.291506258,Thirteen,43,GV3101
Thirteen_44,0.254014711,Thirteen,44,GV3101
Thirteen_45,0.265004793,Thirteen,45,GV3101
Thirteen_46,0.302223158,Thirteen,46,GV3101
Thirteen_47,0.144962399,Thirteen,47,GV3101
Thirteen_48,0.263075761,Thirteen,48,GV3101
Thirteen_49,0.206909891,Thirteen,49,GV3101
Thirteen_50,0.275475839,Thirteen,50,GV3101
Thirteen_51,0.269779956,Thirteen,51,GV3101
Fourteen_1,0.238199099,Fourteen,1,EHA105
Fourteen_2,0.311921113,Fourteen,2,EHA105
Fourteen_3,0.39349079,Fourteen,3,EHA105
Fourteen_4,0.481263175,Fourteen,4,EHA105
Fourteen_5,0.441704079,Fourteen,5,EHA105
Fourteen_6,0.239840194,Fourteen,6,EHA105
Fourteen_7,0.434937437,Fourteen,7,EHA105
Fourteen_8,0.200213178,Fourteen,8,EHA105
Fourteen_9,0.303366477,Fourteen,9,EHA105
Fourteen_10,0.352531895,Fourteen,10,EHA105
Fourteen_11,0.306830273,Fourteen,11,EHA105
Fourteen_12,0.276653002,Fourteen,12,EHA105
Fourteen_13,0.479774387,Fourteen,13,EHA105
Fourteen_14,0.353653204,Fourteen,14,EHA105
Fourteen_15,0.17414808,Fourteen,15,EHA105
Fourteen_16,0.490292458,Fourteen,16,EHA105
Fourteen_17,0.336586391,Fourteen,17,EHA105
Fourteen_18,0.504355344,Fourteen,18,EHA105
Fourteen_19,0.300070214,Fourteen,19,EHA105
Fourteen_20,0.59925084,Fourteen,20,EHA105
Fourteen_21,0.3390793,Fourteen,21,EHA105
Fourteen_22,0.289094667,Fourteen,22,EHA105
Fourteen_23,0.293371275,Fourteen,23,EHA105
Fourteen_24,0.403712796,Fourteen,24,EHA105
Fourteen_25,0.504537906,Fourteen,25,EHA105
Fourteen_26,0.355603721,Fourteen,26,EHA105
Fourteen_27,0.478273764,Fourteen,27,EHA105
Fourteen_28,0.280484059,Fourteen,28,EHA105
Fourteen_29,0.259939703,Fourteen,29,EHA105
Fourteen_30,0.32100019,Fourteen,30,EHA105
Fourteen_31,0.416605484,Fourteen,31,EHA105
Fourteen_32,0.363071997,Fourteen,32,EHA105
Fourteen_33,0.461691356,Fourteen,33,EHA105
Fourteen_34,0.712185294,Fourteen,34,EHA105
Fourteen_35,0.390276649,Fourteen,35,EHA105
Fourteen_36,0.491360807,Fourteen,36,EHA105
Fourteen_37,0.201443381,Fourteen,37,EHA105
Fourteen_38,0.251380939,Fourteen,38,EHA105
Fourteen_39,0.391520109,Fourteen,39,EHA105
Fourteen_40,0.262671459,Fourteen,40,EHA105
Fourteen_41,0.230366527,Fourteen,41,EHA105
Fourteen_42,0.322000519,Fourteen,42,EHA105
Fourteen_43,0.386283406,Fourteen,43,EHA105
Fourteen_44,0.318015269,Fourteen,44,EHA105
Fourteen_45,0.28228763,Fourteen,45,EHA105
Fourteen_46,0.228371495,Fourteen,46,EHA105
Fourteen_47,0.129173303,Fourteen,47,EHA105
Fourteen_48,0.272412819,Fourteen,48,EHA105
Fourteen_49,0.502827283,Fourteen,49,EHA105
Fourteen_50,0.191256968,Fourteen,50,EHA105
Fourteen_51,0.246420338,Fourteen,51,EHA105
Fourteen_52,0.302977733,Fourteen,52,EHA105
Fourteen_53,0.415468617,Fourteen,53,EHA105
Fourteen_54,0.380208915,Fourteen,54,EHA105
Fourteen_55,0.197984821,Fourteen,55,EHA105
Fourteen_56,0.525520183,Fourteen,56,EHA105
Fourteen_57,0.612603687,Fourteen,57,EHA105
Fourteen_58,0.287032673,Fourteen,58,EHA105
Fourteen_59,0.668253018,Fourteen,59,EHA105
Fourteen_60,0.434367645,Fourteen,60,EHA105
Fourteen_61,0.378311315,Fourteen,61,EHA105
Fourteen_62,0.592503449,Fourteen,62,EHA105
Fourteen_63,0.201517572,Fourteen,63,EHA105
Fourteen_64,0.246689064,Fourteen,64,EHA105
Fourteen_65,0.306485573,Fourteen,65,EHA105
Fourteen_66,0.345637792,Fourteen,66,EHA105
Fourteen_67,0.390418279,Fourteen,67,EHA105
Fourteen_68,0.82356,Fourteen,68,EHA105
Fourteen_69,0.403084429,Fourteen,69,EHA105
Fourteen_70,0.547753427,Fourteen,70,EHA105
Fourteen_71,0.575444128,Fourteen,71,EHA105
Fourteen_72,0.222230045,Fourteen,72,EHA105
Fourteen_73,0.402061139,Fourteen,73,EHA105
Fourteen_74,0.235319154,Fourteen,74,EHA105
Fourteen_75,0.3347421,Fourteen,75,EHA105
Fourteen_76,0.220205354,Fourteen,76,EHA105
Fourteen_77,0.254458439,Fourteen,77,EHA105
Fourteen_78,0.538559582,Fourteen,78,EHA105
Fourteen_79,0.194906856,Fourteen,79,EHA105
Fourteen_80,0.446689751,Fourteen,80,EHA105
Fourteen_81,0.315267534,Fourteen,81,EHA105
Fourteen_82,0.281513241,Fourteen,82,EHA105
Fourteen_83,0.396329361,Fourteen,83,EHA105
Fourteen_84,0.221266474,Fourteen,84,EHA105
Fourteen_85,0.361482287,Fourteen,85,EHA105
Fourteen_86,0.194974739,Fourteen,86,EHA105
Fourteen_87,0.573700532,Fourteen,87,EHA105
Fourteen_88,0.218667278,Fourteen,88,EHA105
Fourteen_89,0.590859506,Fourteen,89,EHA105
Fourteen_90,0.225560096,Fourteen,90,EHA105
Fourteen_91,0.261136214,Fourteen,91,EHA105
Fourteen_92,0.405085954,Fourteen,92,EHA105
Fourteen_93,0.380219305,Fourteen,93,EHA105
Fourteen_94,0.233224595,Fourteen,94,EHA105
Fourteen_95,0.417449838,Fourteen,95,EHA105
Fourteen_96,0.415482679,Fourteen,96,EHA105
Fourteen_97,0.625481195,Fourteen,97,EHA105
Fourteen_98,0.56999944,Fourteen,98,EHA105
Fourteen_99,0.442053011,Fourteen,99,EHA105
Fourteen_100,0.381853805,Fourteen,100,EHA105
Fourteen_101,0.412989341,Fourteen,101,EHA105
Fourteen_102,0.514144204,Fourteen,102,EHA105
Fourteen_103,0.533604145,Fourteen,103,EHA105
Fifteen_1,0.494224541,Fifteen,1,EHA105
Fifteen_2,0.509331671,Fifteen,2,EHA105
Fifteen_3,0.312149707,Fifteen,3,EHA105
Fifteen_4,0.253973398,Fifteen,4,EHA105
Fifteen_5,0.320316996,Fifteen,5,EHA105
Fifteen_6,0.387373006,Fifteen,6,EHA105
Fifteen_7,0.328628354,Fifteen,7,EHA105
Fifteen_8,0.273294786,Fifteen,8,EHA105
Fifteen_9,0.479983953,Fifteen,9,EHA105
Fifteen_10,0.288446923,Fifteen,10,EHA105
Fifteen_11,0.333089559,Fifteen,11,EHA105
Fifteen_12,0.31161427,Fifteen,12,EHA105
Fifteen_13,0.193985303,Fifteen,13,EHA105
Fifteen_14,0.450802437,Fifteen,14,EHA105
Fifteen_15,0.378482555,Fifteen,15,EHA105
Fifteen_16,0.232466894,Fifteen,16,EHA105
Fifteen_17,0.155309509,Fifteen,17,EHA105
Fifteen_18,0.181318899,Fifteen,18,EHA105
Fifteen_19,0.655362573,Fifteen,19,EHA105
Fifteen_20,0.452435452,Fifteen,20,EHA105
Fifteen_21,0.322319472,Fifteen,21,EHA105
Fifteen_22,0.426849137,Fifteen,22,EHA105
Fifteen_23,0.576757159,Fifteen,23,EHA105
Fifteen_24,0.624511048,Fifteen,24,EHA105
Fifteen_25,0.480206869,Fifteen,25,EHA105
Fifteen_26,0.407729585,Fifteen,26,EHA105
Fifteen_27,0.532214464,Fifteen,27,EHA105
Fifteen_28,0.632678472,Fifteen,28,EHA105
Fifteen_29,0.404087461,Fifteen,29,EHA105
Fifteen_30,0.38828346,Fifteen,30,EHA105
Fifteen_31,0.541436138,Fifteen,31,EHA105
Fifteen_32,0.370478818,Fifteen,32,EHA105
Fifteen_33,0.468018989,Fifteen,33,EHA105
Fifteen_34,0.580722196,Fifteen,34,EHA105
Fifteen_35,0.26988053,Fifteen,35,EHA105
Fifteen_36,0.670504654,Fifteen,36,EHA105
Fifteen_37,0.596657207,Fifteen,37,EHA105
Fifteen_38,1.020581633,Fifteen,38,EHA105
Fifteen_39,0.275945304,Fifteen,39,EHA105
Fifteen_40,0.428503864,Fifteen,40,EHA105
Fifteen_41,0.749575451,Fifteen,41,EHA105
Fifteen_42,0.450660812,Fifteen,42,EHA105
Fifteen_43,0.34162637,Fifteen,43,GV3101
Fifteen_44,0.186945929,Fifteen,44,GV3101
Fifteen_45,0.286506029,Fifteen,45,GV3101
Fifteen_46,0.340483355,Fifteen,46,GV3101
Fifteen_47,0.337456554,Fifteen,47,GV3101
Fifteen_48,0.191333314,Fifteen,48,GV3101
Fifteen_49,0.352047326,Fifteen,49,GV3101
Fifteen_50,0.474315467,Fifteen,50,GV3101
Fifteen_51,0.387626502,Fifteen,51,GV3101
Fifteen_52,0.435130696,Fifteen,52,GV3101
Fifteen_53,0.551690018,Fifteen,53,GV3101
Fifteen_54,0.433948927,Fifteen,54,GV3101
Fifteen_55,0.414039863,Fifteen,55,GV3101
Fifteen_56,0.678383129,Fifteen,56,GV3101
Fifteen_57,0.609846276,Fifteen,57,GV3101
Fifteen_58,0.500449658,Fifteen,58,GV3101
Fifteen_59,0.454074616,Fifteen,59,GV3101
Fifteen_60,0.446831856,Fifteen,60,GV3101
Fifteen_61,0.233140946,Fifteen,61,GV3101
Fifteen_62,0.121833126,Fifteen,62,GV3101
Fifteen_63,0.233886542,Fifteen,63,GV3101
Fifteen_64,0.273573265,Fifteen,64,GV3101
Fifteen_65,0.179267885,Fifteen,65,GV3101
Fifteen_66,0.235851735,Fifteen,66,GV3101
Fifteen_67,0.205133011,Fifteen,67,GV3101
Fifteen_68,0.362937686,Fifteen,68,GV3101
Fifteen_69,0.094440184,Fifteen,69,GV3101
Fifteen_70,0.459587333,Fifteen,70,GV3101
Fifteen_71,0.434752696,Fifteen,71,GV3101
Fifteen_72,0.373381182,Fifteen,72,GV3101
Fifteen_73,0.250711974,Fifteen,73,GV3101
Fifteen_74,0.378985695,Fifteen,74,GV3101
Fifteen_75,0.358710204,Fifteen,75,GV3101
Fifteen_76,0.186516929,Fifteen,76,GV3101
Fifteen_77,0.537044691,Fifteen,77,GV3101
Fifteen_78,0.385192658,Fifteen,78,GV3101
Fifteen_79,0.361534891,Fifteen,79,GV3101
Fifteen_80,0.280361204,Fifteen,80,GV3101
Fifteen_81,0.268015918,Fifteen,81,GV3101
Fifteen_82,0.561190477,Fifteen,82,GV3101
Fifteen_83,0.589833631,Fifteen,83,GV3101
Fifteen_84,0.136635237,Fifteen,84,GV3101
Sixteen_1,0.273501274,Sixteen,1,GV3101
Sixteen_2,0.283945134,Sixteen,2,GV3101
Sixteen_3,0.225040921,Sixteen,3,GV3101
Sixteen_4,0.165672291,Sixteen,4,GV3101
Sixteen_5,0.194412901,Sixteen,5,GV3101
Sixteen_6,0.251927493,Sixteen,6,GV3101
Sixteen_7,0.321684402,Sixteen,7,GV3101
Sixteen_8,0.18911775,Sixteen,8,GV3101
Sixteen_9,0.181644976,Sixteen,9,GV3101
Sixteen_10,0.239275174,Sixteen,10,GV3101
Sixteen_11,0.215282381,Sixteen,11,GV3101
Sixteen_12,0.150133593,Sixteen,12,GV3101
Sixteen_13,0.177937063,Sixteen,13,GV3101
Sixteen_14,0.258467389,Sixteen,14,GV3101
Sixteen_15,0.141574974,Sixteen,15,GV3101
Sixteen_16,0.35016282,Sixteen,16,GV3101
Sixteen_17,0.340063367,Sixteen,17,GV3101
Sixteen_18,0.307766844,Sixteen,18,GV3101
Sixteen_19,0.337733484,Sixteen,19,GV3101
Sixteen_20,0.195696089,Sixteen,20,GV3101
Sixteen_21,0.259791589,Sixteen,21,GV3101
Sixteen_22,0.214351132,Sixteen,22,GV3101
Sixteen_23,0.147574451,Sixteen,23,GV3101
Sixteen_24,0.253159961,Sixteen,24,GV3101
Sixteen_25,0.533810323,Sixteen,25,GV3101
Sixteen_26,0.40387212,Sixteen,26,GV3101
Sixteen_27,0.186462698,Sixteen,27,GV3101
Sixteen_28,0.210822748,Sixteen,28,GV3101
Sixteen_29,0.286717196,Sixteen,29,GV3101
Sixteen_30,0.124127253,Sixteen,30,GV3101
Sixteen_31,0.277477104,Sixteen,31,GV3101
Sixteen_32,0.226718586,Sixteen,32,GV3101
Sixteen_33,0.241508894,Sixteen,33,GV3101
Sixteen_34,0.334901772,Sixteen,34,GV3101
Sixteen_35,0.204360604,Sixteen,35,GV3101
Sixteen_36,0.245057145,Sixteen,36,GV3101
Sixteen_37,0.43192134,Sixteen,37,GV3101
Sixteen_38,0.142340693,Sixteen,38,GV3101
Sixteen_39,0.24724019,Sixteen,39,GV3101
Sixteen_40,0.364905814,Sixteen,40,GV3101
Seventeen_1,0.242319175,Seventeen,1,GV3101
Seventeen_2,0.174999144,Seventeen,2,GV3101
Seventeen_3,0.601554526,Seventeen,3,GV3101
Seventeen_4,0.269172758,Seventeen,4,GV3101
Seventeen_5,0.28546732,Seventeen,5,GV3101
Seventeen_6,0.270365858,Seventeen,6,GV3101
Seventeen_7,0.093919213,Seventeen,7,GV3101
Seventeen_8,0.442331212,Seventeen,8,GV3101
Seventeen_9,0.196958542,Seventeen,9,GV3101
Seventeen_10,0.230769344,Seventeen,10,GV3101
Seventeen_11,0.152455267,Seventeen,11,GV3101
Seventeen_12,0.411092493,Seventeen,12,GV3101
Seventeen_13,0.239724848,Seventeen,13,GV3101
Seventeen_14,0.356872942,Seventeen,14,GV3101
Seventeen_15,0.216758492,Seventeen,15,GV3101
Seventeen_16,0.175880699,Seventeen,16,GV3101
Seventeen_17,0.217891451,Seventeen,17,GV3101
Seventeen_18,0.246224383,Seventeen,18,GV3101
Seventeen_19,0.384400727,Seventeen,19,GV3101
Seventeen_20,0.19594678,Seventeen,20,GV3101
Seventeen_21,0.179417412,Seventeen,21,GV3101
Seventeen_22,0.236656821,Seventeen,22,GV3101
Seventeen_23,0.635485823,Seventeen,23,GV3101
Seventeen_24,0.370960438,Seventeen,24,GV3101
Seventeen_25,0.353025588,Seventeen,25,GV3101
Eighteen _1,0.28305271,Eighteen ,1,GV3101
Eighteen _2,0.115940594,Eighteen ,2,GV3101
Eighteen _3,0.172790129,Eighteen ,3,GV3101
Eighteen _4,0.208770571,Eighteen ,4,GV3101
Eighteen _5,0.19115455,Eighteen ,5,GV3101
Eighteen _6,0.092825732,Eighteen ,6,GV3101
Eighteen _7,0.1359642,Eighteen ,7,GV3101
Eighteen _8,0.169273561,Eighteen ,8,GV3101
Eighteen _9,0.285884932,Eighteen ,9,GV3101
Eighteen _10,0.301783523,Eighteen ,10,GV3101
Eighteen _11,0.204090786,Eighteen ,11,GV3101
Eighteen _12,0.457887251,Eighteen ,12,GV3101
Eighteen _13,0.21664553,Eighteen ,13,GV3101
Eighteen _14,0.194717729,Eighteen ,14,GV3101
Eighteen _15,0.126809264,Eighteen ,15,GV3101
Eighteen _16,0.213142313,Eighteen ,16,GV3101
Eighteen _17,0.174757526,Eighteen ,17,GV3101
Eighteen _18,0.367948946,Eighteen ,18,GV3101
Eighteen _19,0.130413035,Eighteen ,19,GV3101
Eighteen _20,0.221917509,Eighteen ,20,GV3101
Eighteen _21,0.155812483,Eighteen ,21,GV3101
Eighteen _22,0.150527248,Eighteen ,22,GV3101
Eighteen _23,0.229405039,Eighteen ,23,GV3101
Eighteen _24,0.114735518,Eighteen ,24,GV3101
Eighteen _25,0.250848388,Eighteen ,25,GV3101
Eighteen _26,0.226357446,Eighteen ,26,GV3101
Eighteen _27,0.20429494,Eighteen ,27,GV3101
Eighteen _28,0.163790705,Eighteen ,28,GV3101
Eighteen _29,0.175272956,Eighteen ,29,GV3101
Eighteen _30,0.118833982,Eighteen ,30,GV3101
Eighteen _31,0.163586299,Eighteen ,31,GV3101
Eighteen _32,0.189098423,Eighteen ,32,GV3101
Eighteen _33,0.290025749,Eighteen ,33,GV3101
Eighteen _34,0.40571445,Eighteen ,34,GV3101
Eighteen _35,0.175145214,Eighteen ,35,GV3101
Eighteen _36,0.283009953,Eighteen ,36,GV3101
Eighteen _37,0.12993914,Eighteen ,37,GV3101
Eighteen _38,0.324680579,Eighteen ,38,GV3101
Nineteen_1,0.246897791,Nineteen,1,GV3101
Nineteen_2,0.221202436,Nineteen,2,GV3101
Nineteen_3,0.286565661,Nineteen,3,GV3101
Nineteen_4,0.267195258,Nineteen,4,GV3101
Nineteen_5,0.169851325,Nineteen,5,GV3101
Nineteen_6,0.215551557,Nineteen,6,GV3101
Nineteen_7,0.20784934,Nineteen,7,GV3101
Nineteen_8,0.349027527,Nineteen,8,GV3101
Nineteen_9,0.293997158,Nineteen,9,GV3101
Nineteen_10,0.234205088,Nineteen,10,GV3101
Nineteen_11,0.752592046,Nineteen,11,GV3101
Nineteen_12,0.365089476,Nineteen,12,GV3101
Nineteen_13,0.425526524,Nineteen,13,GV3101
Nineteen_14,0.23155855,Nineteen,14,GV3101
Nineteen_15,0.218556806,Nineteen,15,GV3101
Nineteen_16,0.120532562,Nineteen,16,GV3101
Nineteen_17,0.356366005,Nineteen,17,GV3101
Nineteen_18,0.20614326,Nineteen,18,GV3101
Nineteen_19,0.357888843,Nineteen,19,GV3101
Nineteen_20,0.465878774,Nineteen,20,GV3101
Nineteen_21,0.400823712,Nineteen,21,GV3101
Nineteen_22,0.502603805,Nineteen,22,GV3101
Nineteen_23,0.340969342,Nineteen,23,GV3101
Nineteen_24,0.120309065,Nineteen,24,GV3101
Nineteen_25,0.395875118,Nineteen,25,GV3101
Nineteen_26,0.271234571,Nineteen,26,GV3101
Nineteen_27,0.165839778,Nineteen,27,GV3101
Nineteen_28,0.117884226,Nineteen,28,GV3101
Nineteen_29,0.348895617,Nineteen,29,GV3101
Nineteen_30,0.410270011,Nineteen,30,GV3101
Nineteen_31,0.230064646,Nineteen,31,GV3101
Nineteen_32,0.298144258,Nineteen,32,GV3101
Nineteen_33,0.317951678,Nineteen,33,GV3101
Nineteen_34,0.309019398,Nineteen,34,GV3101
Nineteen_35,0.201761429,Nineteen,35,GV3101
Nineteen_36,0.216170201,Nineteen,36,GV3101
Nineteen_37,0.23405028,Nineteen,37,GV3101
Nineteen_38,0.699597594,Nineteen,38,GV3101
Nineteen_39,0.300462642,Nineteen,39,GV3101
Nineteen_40,0.644107889,Nineteen,40,GV3101
Nineteen_41,0.369755055,Nineteen,41,GV3101
Nineteen_42,0.639946631,Nineteen,42,GV3101
Nineteen_43,0.316959177,Nineteen,43,GV3101
Nineteen_44,0.242084862,Nineteen,44,GV3101
Nineteen_45,0.30100903,Nineteen,45,GV3101
Nineteen_46,0.189949199,Nineteen,46,GV3101
Nineteen_47,0.264075006,Nineteen,47,GV3101
Nineteen_48,0.261885131,Nineteen,48,GV3101
Nineteen_49,0.269815581,Nineteen,49,GV3101
Nineteen_50,0.475143316,Nineteen,50,GV3101
Nineteen_51,0.279282573,Nineteen,51,GV3101
Nineteen_52,0.320933463,Nineteen,52,GV3101
Nineteen_53,0.404633191,Nineteen,53,GV3101
Nineteen_54,0.345203512,Nineteen,54,GV3101
Nineteen_55,0.177133042,Nineteen,55,GV3101
Nineteen_56,0.191154377,Nineteen,56,GV3101
Nineteen_57,0.247581857,Nineteen,57,GV3101
Nineteen_58,0.261407352,Nineteen,58,GV3101
Nineteen_59,0.401104015,Nineteen,59,GV3101
Nineteen_60,0.259741735,Nineteen,60,GV3101
Twenty_1,0.629976116,Twenty,1,EHA105
Twenty_2,0.22934874,Twenty,2,GV3101
Twenty_3,0.397198663,Twenty,3,EHA105
Twenty_4,0.241044025,Twenty,4,GV3101
Twenty_5,0.517962918,Twenty,5,EHA105
Twenty_6,0.270856057,Twenty,6,GV3101
Twenty_7,0.712140576,Twenty,7,EHA105
Twenty_8,0.143940931,Twenty,8,GV3101
Twenty_9,0.293253324,Twenty,9,EHA105
Twenty_10,0.228847909,Twenty,10,GV3101
Twenty_11,0.680206664,Twenty,11,EHA105
Twenty_12,0.103456103,Twenty,12,GV3101
Twenty_13,0.270771406,Twenty,13,EHA105
Twenty_14,0.246325777,Twenty,14,GV3101
Twenty_15,0.537018033,Twenty,15,EHA105
Twenty_16,0.225213299,Twenty,16,GV3101
Twenty_17,0.56745957,Twenty,17,EHA105
Twenty_18,0.183207199,Twenty,18,GV3101
Twenty_19,0.427526336,Twenty,19,EHA105
Twenty_20,0.23785312,Twenty,20,GV3101
Twenty_21,0.58587651,Twenty,21,EHA105
Twenty_22,0.326420294,Twenty,22,GV3101
Twenty_23,0.184166759,Twenty,23,EHA105
Twenty_24,0.285110834,Twenty,24,GV3101
Twentyone_1,0.55611275,Twentyone,1,EHA105
Twentyone_2,0.415600624,Twentyone,2,EHA105
Twentyone_3,0.279550597,Twentyone,3,EHA105
Twentyone_4,0.402390304,Twentyone,4,EHA105
Twentyone_5,0.289706326,Twentyone,5,EHA105
Twentyone_6,0.461810742,Twentyone,6,EHA105
Twentyone_7,0.227256426,Twentyone,7,EHA105
Twentyone_8,0.120058755,Twentyone,8,EHA105
Twentyone_9,0.722820491,Twentyone,9,EHA105
Twentyone_10,0.047419456,Twentyone,10,EHA105
Twentyone_11,0.115849105,Twentyone,11,EHA105
Twentyone_12,0.244871112,Twentyone,12,EHA105
Twentyone_13,0.748529968,Twentyone,13,EHA105
Twentyone_14,0.487943231,Twentyone,14,EHA105
Twentyone_15,0.651444763,Twentyone,15,EHA105
Twentyone_16,0.594573546,Twentyone,16,EHA105
Twentyone_17,0.422504149,Twentyone,17,EHA105
Twentyone_18,0.491093323,Twentyone,18,EHA105
Twentyone_19,0.379324041,Twentyone,19,EHA105
Twentyone_20,0.267760571,Twentyone,20,EHA105
Twentyone_21,0.546682755,Twentyone,21,EHA105
Twentyone_22,0.569476799,Twentyone,22,EHA105
Twentyone_23,0.257932173,Twentyone,23,EHA105
Twentyone_24,0.641561196,Twentyone,24,EHA105
Twentyone_25,0.952258181,Twentyone,25,EHA105
Twentyone_26,0.260004921,Twentyone,26,EHA105
Twentyone_27,0.617463654,Twentyone,27,EHA105
Twentyone_28,0.308818108,Twentyone,28,EHA105
Twentyone_29,0.417356572,Twentyone,29,EHA105
Twentyone_30,0.686713394,Twentyone,30,EHA105
Twentyone_31,0.685900735,Twentyone,31,EHA105
Twentyone_32,0.484918951,Twentyone,32,EHA105
Twentyone_33,0.534716406,Twentyone,33,EHA105
Twentyone_34,0.436195258,Twentyone,34,EHA105
Twentyone_35,0.77021325,Twentyone,35,EHA105
Twentyone_36,0.495982218,Twentyone,36,EHA105
Twentyone_37,0.507714416,Twentyone,37,EHA105
Twentyone_38,0.369556944,Twentyone,38,EHA105
Twentyone_39,0.354581851,Twentyone,39,EHA105
Twentyone_40,0.295020547,Twentyone,40,EHA105
Twentyone_41,0.630075444,Twentyone,41,EHA105
Twentyone_42,0.407877142,Twentyone,42,EHA105
Twentyone_43,0.456680044,Twentyone,43,EHA105
Twentyone_44,0.583602728,Twentyone,44,EHA105
Twentyone_45,0.421735473,Twentyone,45,EHA105
Twentyone_46,0.67295647,Twentyone,46,EHA105
Twentyone_47,0.486907032,Twentyone,47,EHA105
Twentyone_48,0.760424538,Twentyone,48,EHA105
Twentyone_49,0.254847767,Twentyone,49,EHA105
Twentyone_50,0.550410365,Twentyone,50,EHA105
Twentyone_51,0.211968009,Twentyone,51,EHA105
Twentyone_52,0.406461503,Twentyone,52,EHA105
Twentyone_53,0.715501617,Twentyone,53,EHA105
Twentyone_54,0.548220997,Twentyone,54,EHA105
Twentyone_55,0.267180628,Twentyone,55,EHA105
Twentyone_56,0.353825649,Twentyone,56,EHA105
Twentyone_57,0.909748041,Twentyone,57,EHA105
Twentyone_58,0.387085369,Twentyone,58,EHA105
Twentyone_59,0.614123672,Twentyone,59,EHA105
Twentyone_60,0.792034879,Twentyone,60,EHA105
Twentyone_61,0.549350441,Twentyone,61,EHA105
Twentyone_62,0.664607892,Twentyone,62,EHA105
Twentyone_63,0.788747314,Twentyone,63,EHA105
Twentyone_64,0.64523176,Twentyone,64,EHA105
Twentyone_65,0.343275746,Twentyone,65,EHA105
Twentyone_66,0.184526924,Twentyone,66,EHA105
Twentyone_67,0.464040909,Twentyone,67,EHA105
Twentyone_68,0.4994991,Twentyone,68,EHA105
Twentyone_69,0.525473909,Twentyone,69,EHA105
Twentyone_70,0.509037551,Twentyone,70,EHA105
Twentyone_71,1.153983607,Twentyone,71,EHA105
Twentyone_72,0.768763832,Twentyone,72,EHA105
Twentyone_73,0.397843646,Twentyone,73,EHA105
Twentyone_74,0.58623774,Twentyone,74,EHA105
Twentyone_75,0.550681307,Twentyone,75,EHA105
Twentyone_76,0.424248671,Twentyone,76,EHA105
Twentyone_77,0.500203758,Twentyone,77,EHA105
Twentyone_78,0.51559759,Twentyone,78,EHA105
Twentyone_79,0.585725202,Twentyone,79,EHA105
Twentyone_80,0.714528748,Twentyone,80,EHA105
Twentyone_81,0.395586063,Twentyone,81,EHA105
Twentyone_82,0.304165051,Twentyone,82,EHA105
Twentyone_83,0.362572361,Twentyone,83,EHA105
Twentyone_84,0.372239953,Twentyone,84,EHA105
Twentyone_85,0.563308537,Twentyone,85,EHA105
Twentyone_86,0.340486981,Twentyone,86,EHA105
Twentyone_87,0.641915952,Twentyone,87,EHA105
Twentyone_88,0.425394534,Twentyone,88,EHA105
Twentyone_89,0.310006636,Twentyone,89,EHA105
Twentyone_90,0.169929833,Twentyone,90,EHA105
Twentyone_91,0.126460387,Twentyone,91,EHA105
Twentyone_92,0.18025163,Twentyone,92,EHA105
Twentyone_93,0.243410012,Twentyone,93,EHA105
Twentyone_94,0.325983979,Twentyone,94,EHA105
Twentyone_95,0.550356577,Twentyone,95,EHA105
Twentyone_96,0.955992052,Twentyone,96,EHA105
Twentyone_97,0.589267291,Twentyone,97,EHA105
Twentyone_98,0.35496828,Twentyone,98,EHA105
Twentyone_99,0.352303889,Twentyone,99,EHA105
Twentyone_100,0.405115533,Twentyone,100,EHA105
Twentyone_101,0.391027479,Twentyone,101,EHA105
Twentyone_102,0.372621841,Twentyone,102,EHA105
Twentyone_103,0.432792444,Twentyone,103,EHA105
Twentyone_104,0.440856175,Twentyone,104,EHA105
Twentyone_105,0.348190259,Twentyone,105,EHA105
Twentyone_106,0.809740049,Twentyone,106,EHA105
Twentyone_107,0.225057667,Twentyone,107,EHA105
Twentyone_108,0.508489408,Twentyone,108,EHA105
Twentyone_109,0.573559701,Twentyone,109,EHA105
Twentyone_110,0.69986731,Twentyone,110,EHA105
Twentyone_111,0.429658522,Twentyone,111,EHA105
Twentyone_112,0.350225375,Twentyone,112,EHA105
Twentyone_113,0.804368681,Twentyone,113,EHA105
Twentyone_114,0.71704247,Twentyone,114,EHA105
Twentyone_115,0.289304907,Twentyone,115,EHA105
Twentyone_116,0.639336303,Twentyone,116,EHA105
Twentyone_117,0.543496954,Twentyone,117,EHA105
Twentyone_118,0.449204318,Twentyone,118,EHA105
Twentytwo_1,0.641400465,Twentytwo,1,EHA105
Twentytwo_2,0.377533576,Twentytwo,2,EHA105
Twentytwo_3,0.66515693,Twentytwo,3,EHA105
Twentytwo_4,0.353340732,Twentytwo,4,EHA105
Twentytwo_5,0.845080272,Twentytwo,5,EHA105
Twentytwo_6,0.221776244,Twentytwo,6,EHA105
Twentytwo_7,0.590150845,Twentytwo,7,EHA105
Twentytwo_8,0.706991331,Twentytwo,8,EHA105
Twentytwo_9,0.214074325,Twentytwo,9,EHA105
Twentytwo_10,0.697539281,Twentytwo,10,EHA105
Twentytwo_11,0.520773714,Twentytwo,11,EHA105
Twentytwo_12,0.320443262,Twentytwo,12,EHA105
Twentytwo_13,0.8248709,Twentytwo,13,EHA105
Twentytwo_14,0.631568819,Twentytwo,14,EHA105
Twentytwo_15,0.324160383,Twentytwo,15,EHA105
Twentytwo_16,0.60095494,Twentytwo,16,EHA105
Twentytwo_17,0.887143386,Twentytwo,17,EHA105
Twentytwo_18,0.413745488,Twentytwo,18,EHA105
Twentytwo_19,0.510803006,Twentytwo,19,EHA105
Twentytwo_20,0.49512826,Twentytwo,20,EHA105
Twentytwo_21,0.329389886,Twentytwo,21,EHA105
Twentytwo_22,0.542208433,Twentytwo,22,EHA105
Twentytwo_23,0.97691415,Twentytwo,23,EHA105
Twentytwo_24,0.406169203,Twentytwo,24,EHA105
Twentytwo_25,0.428507979,Twentytwo,25,EHA105
Twentytwo_26,0.343531389,Twentytwo,26,EHA105
Twentytwo_27,0.496143779,Twentytwo,27,EHA105
Twentytwo_28,0.992928657,Twentytwo,28,EHA105
Twentytwo_29,0.288393523,Twentytwo,29,EHA105
Twentytwo_30,0.796569771,Twentytwo,30,EHA105
Twentytwo_31,0.692262098,Twentytwo,31,EHA105
Twentytwo_32,0.393434364,Twentytwo,32,EHA105
Twentytwo_33,0.659707623,Twentytwo,33,EHA105
Twentytwo_34,0.65062456,Twentytwo,34,EHA105
Twentytwo_35,0.289635862,Twentytwo,35,EHA105
Twentytwo_36,0.574053671,Twentytwo,36,EHA105
Twentytwo_37,0.350732717,Twentytwo,37,EHA105
Twentytwo_38,0.467268256,Twentytwo,38,EHA105
Twentytwo_39,0.50257284,Twentytwo,39,EHA105
Twentytwo_40,0.302991476,Twentytwo,40,EHA105
Twentytwo_41,0.354307202,Twentytwo,41,EHA105
Twentytwo_42,0.40833592,Twentytwo,42,EHA105
Twentytwo_43,0.391529014,Twentytwo,43,EHA105
Twentytwo_44,1.086053896,Twentytwo,44,EHA105
Twentytwo_45,0.359975133,Twentytwo,45,EHA105
Twentytwo_46,0.382806064,Twentytwo,46,EHA105
Twentytwo_47,0.428743049,Twentytwo,47,EHA105
Twentytwo_48,0.459245278,Twentytwo,48,EHA105
Twentytwo_49,0.598798448,Twentytwo,49,EHA105
Twentytwo_50,0.239394072,Twentytwo,50,EHA105
Twentytwo_51,0.579706109,Twentytwo,51,EHA105
Twentytwo_52,0.423913286,Twentytwo,52,EHA105
Twentytwo_53,0.394633992,Twentytwo,53,EHA105
Twentytwo_54,0.343283513,Twentytwo,54,EHA105
Twentytwo_55,0.444228378,Twentytwo,55,EHA105
Twentytwo_56,0.616984728,Twentytwo,56,EHA105
Twentytwo_57,0.645846113,Twentytwo,57,EHA105
Twentytwo_58,0.473969888,Twentytwo,58,EHA105
Twentytwo_59,0.706977887,Twentytwo,59,EHA105
Twentytwo_60,0.258306291,Twentytwo,60,EHA105
Twentytwo_61,0.774705153,Twentytwo,61,EHA105
Twentytwo_62,0.682412531,Twentytwo,62,EHA105
Twentytwo_63,0.918534706,Twentytwo,63,EHA105
Twentytwo_64,0.771597711,Twentytwo,64,EHA105
Twentytwo_65,1.025057421,Twentytwo,65,EHA105
Twentytwo_66,0.722822913,Twentytwo,66,EHA105
Twentytwo_67,0.773668502,Twentytwo,67,EHA105
Twentytwo_68,0.657944754,Twentytwo,68,EHA105
Twentytwo_69,0.790301123,Twentytwo,69,EHA105
Twentytwo_70,0.581936089,Twentytwo,70,EHA105
Twentytwo_71,0.564193984,Twentytwo,71,EHA105
Twentytwo_72,0.40932175,Twentytwo,72,EHA105
Twentytwo_73,0.471520888,Twentytwo,73,EHA105
Twentytwo_74,0.128172032,Twentytwo,74,EHA105
Twentytwo_75,0.786827255,Twentytwo,75,EHA105
Twentytwo_76,0.389771007,Twentytwo,76,EHA105
Twentytwo_77,0.702266428,Twentytwo,77,EHA105
Twentytwo_78,1.158518697,Twentytwo,78,EHA105
Twentytwo_79,0.244461571,Twentytwo,79,EHA105
Twentytwo_80,0.491181197,Twentytwo,80,EHA105
Twentytwo_81,0.523497082,Twentytwo,81,EHA105
Twentytwo_82,0.333163553,Twentytwo,82,EHA105
Twentytwo_83,0.434295884,Twentytwo,83,EHA105
Twentytwo_84,0.48387566,Twentytwo,84,EHA105
Twentytwo_85,0.549961297,Twentytwo,85,EHA105
Twentytwo_86,0.485210145,Twentytwo,86,EHA105
Twentytwo_87,0.984557867,Twentytwo,87,EHA105
Twentytwo_88,0.455324832,Twentytwo,88,EHA105
Twentytwo_89,0.352958555,Twentytwo,89,EHA105
Twentytwo_90,0.709872649,Twentytwo,90,EHA105
Twentytwo_91,0.875649538,Twentytwo,91,EHA105
Twentytwo_92,0.415957856,Twentytwo,92,EHA105
Twentytwo_93,0.565489994,Twentytwo,93,EHA105
Twentytwo_94,0.397110064,Twentytwo,94,EHA105
Twentytwo_95,0.918213808,Twentytwo,95,EHA105
Twentytwo_96,0.9047102,Twentytwo,96,EHA105
Twentytwo_97,0.300229425,Twentytwo,97,EHA105
Twentythree_1,0.280579257,Twentythree,1,EHA105
Twentythree_2,0.166407147,Twentythree,2,EHA105
Twentythree_3,0.645072693,Twentythree,3,EHA105
Twentythree_4,0.359023469,Twentythree,4,EHA105
Twentythree_5,0.288115461,Twentythree,5,EHA105
Twentythree_6,0.263065204,Twentythree,6,EHA105
Twentythree_7,0.250622026,Twentythree,7,EHA105
Twentythree_8,0.451020077,Twentythree,8,EHA105
Twentythree_9,0.495634826,Twentythree,9,EHA105
Twentythree_10,0.210576785,Twentythree,10,EHA105
Twentythree_11,0.323368386,Twentythree,11,EHA105
Twentythree_12,0.193795392,Twentythree,12,EHA105
Twentythree_13,0.5001977,Twentythree,13,EHA105
Twentythree_14,0.491983473,Twentythree,14,EHA105
Twentythree_15,0.509270799,Twentythree,15,EHA105
Twentythree_16,0.55003029,Twentythree,16,EHA105
Twentythree_17,0.355866038,Twentythree,17,EHA105
Twentythree_18,0.343896395,Twentythree,18,EHA105
Twentythree_19,0.594616513,Twentythree,19,EHA105
Twentythree_20,0.390700584,Twentythree,20,EHA105
Twentythree_21,0.537250942,Twentythree,21,EHA105
Twentythree_22,0.219567484,Twentythree,22,EHA105
Twentythree_23,0.26472489,Twentythree,23,EHA105
Twentythree_24,0.279009232,Twentythree,24,EHA105
Twentythree_25,0.137129501,Twentythree,25,EHA105
Twentythree_26,0.242789054,Twentythree,26,EHA105
Twentythree_27,0.243217894,Twentythree,27,EHA105
Twentythree_28,0.485445431,Twentythree,28,EHA105
Twentythree_29,0.656683229,Twentythree,29,EHA105
Twentythree_30,0.354025469,Twentythree,30,EHA105
Twentythree_31,0.274812838,Twentythree,31,EHA105
Twentythree_32,0.448029588,Twentythree,32,EHA105
Twentythree_33,0.254707821,Twentythree,33,EHA105
Twentythree_34,0.313281344,Twentythree,34,EHA105
Twentythree_35,0.177886332,Twentythree,35,EHA105
Twentythree_36,0.312783099,Twentythree,36,EHA105
Twentythree_37,0.341897447,Twentythree,37,EHA105
Twentythree_38,0.251941321,Twentythree,38,EHA105
Twentythree_39,0.261063184,Twentythree,39,EHA105
Twentythree_40,0.364733178,Twentythree,40,EHA105
Twentythree_41,0.422161422,Twentythree,41,EHA105
Twentythree_42,0.222849616,Twentythree,42,EHA105
Twentythree_43,0.473172307,Twentythree,43,EHA105
Twentythree_44,0.501915234,Twentythree,44,EHA105
Twentythree_45,0.361805588,Twentythree,45,EHA105
Twentythree_46,0.639509635,Twentythree,46,EHA105
Twentythree_47,0.244445451,Twentythree,47,EHA105
Twentythree_48,0.215764664,Twentythree,48,EHA105
Twentythree_49,0.320787183,Twentythree,49,EHA105
Twentythree_50,0.140722232,Twentythree,50,EHA105
Twentythree_51,0.372971495,Twentythree,51,EHA105
Twentythree_52,0.196198841,Twentythree,52,EHA105
Twentythree_53,0.509342021,Twentythree,53,EHA105
Twentythree_54,0.42379318,Twentythree,54,EHA105
Twentythree_55,0.529422982,Twentythree,55,EHA105
Twentythree_56,0.210706824,Twentythree,56,EHA105
Twentythree_57,0.644773422,Twentythree,57,EHA105
Twentythree_58,0.1991345,Twentythree,58,EHA105
Twentythree_59,0.282420378,Twentythree,59,EHA105
Twentythree_60,0.601247654,Twentythree,60,EHA105
Twentythree_61,0.514653035,Twentythree,61,EHA105
Twentythree_62,0.304069634,Twentythree,62,EHA105
Twentythree_63,0.320186338,Twentythree,63,EHA105
Twentythree_64,0.25092865,Twentythree,64,EHA105
Twentythree_65,0.551867866,Twentythree,65,EHA105
Twentythree_66,0.202556038,Twentythree,66,EHA105
Twentythree_67,0.315151339,Twentythree,67,EHA105
Twentythree_68,0.217086495,Twentythree,68,EHA105
Twentythree_69,0.556336726,Twentythree,69,EHA105
Twentythree_70,0.41649277,Twentythree,70,EHA105
Twentythree_71,0.450591637,Twentythree,71,EHA105
Twentythree_72,0.154813295,Twentythree,72,EHA105
Twentythree_73,0.352046505,Twentythree,73,EHA105
Twentythree_74,0.427138119,Twentythree,74,EHA105
Twentythree_75,0.544453553,Twentythree,75,EHA105
Twentythree_76,0.399817063,Twentythree,76,EHA105
Twentythree_77,0.184235819,Twentythree,77,EHA105
Twentythree_78,0.264517699,Twentythree,78,EHA105
Twentythree_79,0.170063874,Twentythree,79,EHA105
Twentythree_80,0.434409085,Twentythree,80,EHA105
Twentyfour_1,0.418168849,Twentyfour,1,EHA105
Twentyfour_2,0.421757173,Twentyfour,2,EHA105
Twentyfour_3,0.444037814,Twentyfour,3,EHA105
Twentyfour_4,0.509654283,Twentyfour,4,EHA105
Twentyfour_5,0.380610388,Twentyfour,5,EHA105
Twentyfour_6,0.577207078,Twentyfour,6,EHA105
Twentyfour_7,0.6184832,Twentyfour,7,EHA105
Twentyfour_8,0.51673056,Twentyfour,8,EHA105
Twentyfour_9,0.590895651,Twentyfour,9,EHA105
Twentyfour_10,0.268077977,Twentyfour,10,EHA105
Twentyfour_11,0.5973453,Twentyfour,11,EHA105
Twentyfour_12,0.597746711,Twentyfour,12,EHA105
Twentyfour_13,0.474531066,Twentyfour,13,EHA105
Twentyfour_14,0.668575597,Twentyfour,14,EHA105
Twentyfour_15,0.539491251,Twentyfour,15,EHA105
Twentyfour_16,0.532716913,Twentyfour,16,EHA105
Twentyfour_17,0.402609775,Twentyfour,17,EHA105
Twentyfour_18,0.60550914,Twentyfour,18,EHA105
Twentyfour_19,0.727215608,Twentyfour,19,EHA105
Twentyfour_20,0.316355334,Twentyfour,20,EHA105
Twentyfour_21,0.231447631,Twentyfour,21,EHA105
Twentyfour_22,0.316300078,Twentyfour,22,EHA105
Twentyfour_23,0.363414441,Twentyfour,23,EHA105
Twentyfour_24,0.325760209,Twentyfour,24,EHA105
Twentyfour_25,0.653604035,Twentyfour,25,EHA105
Twentyfour_26,0.594242853,Twentyfour,26,EHA105
Twentyfour_27,0.649241875,Twentyfour,27,EHA105
Twentyfour_28,0.564947076,Twentyfour,28,EHA105
Twentyfour_29,0.34898349,Twentyfour,29,EHA105
Twentyfour_30,0.279344145,Twentyfour,30,EHA105
Twentyfour_31,0.774348562,Twentyfour,31,EHA105
Twentyfour_32,0.331531895,Twentyfour,32,EHA105
Twentyfour_33,0.651130735,Twentyfour,33,EHA105
Twentyfour_34,0.45654447,Twentyfour,34,EHA105
Twentyfour_35,0.523718063,Twentyfour,35,EHA105
Twentyfour_36,0.780840998,Twentyfour,36,EHA105
Twentyfour_37,0.611747672,Twentyfour,37,EHA105
Twentyfour_38,0.451971723,Twentyfour,38,EHA105
Twentyfour_39,0.573687024,Twentyfour,39,EHA105
Twentyfour_40,0.587569324,Twentyfour,40,EHA105
Twentyfour_41,0.959181967,Twentyfour,41,EHA105
Twentyfour_42,0.555852792,Twentyfour,42,EHA105
Twentyfour_43,0.601711084,Twentyfour,43,EHA105
Twentyfour_44,0.36816894,Twentyfour,44,EHA105
Twentyfour_45,0.290857103,Twentyfour,45,EHA105
Twentyfour_46,0.423974077,Twentyfour,46,EHA105
Twentyfour_47,0.423895903,Twentyfour,47,EHA105
Twentyfour_48,0.464084483,Twentyfour,48,EHA105
Twentyfour_49,0.343365878,Twentyfour,49,EHA105
Twentyfour_50,0.29823261,Twentyfour,50,EHA105
Twentyfour_51,0.390206467,Twentyfour,51,EHA105
Twentyfour_52,0.576379031,Twentyfour,52,EHA105
Twentyfour_53,0.475752411,Twentyfour,53,EHA105
Twentyfour_54,0.297125169,Twentyfour,54,EHA105
Twentyfour_55,0.347115204,Twentyfour,55,EHA105
Twentyfour_56,0.392943375,Twentyfour,56,EHA105
Twentyfour_57,0.3366661,Twentyfour,57,EHA105
Twentyfour_58,0.477211005,Twentyfour,58,EHA105
Twentyfour_59,0.436367307,Twentyfour,59,EHA105
Twentyfour_60,0.567583725,Twentyfour,60,EHA105
Twentyfour_61,0.184078875,Twentyfour,61,EHA105
Twentyfour_62,0.498262179,Twentyfour,62,EHA105
Twentyfour_63,0.323779279,Twentyfour,63,EHA105
Twentyfour_64,0.419666816,Twentyfour,64,EHA105
Twentyfour_65,0.344684359,Twentyfour,65,EHA105
Twentyfour_66,0.896187264,Twentyfour,66,EHA105
Twentyfour_67,0.269465307,Twentyfour,67,EHA105
Twentyfour_68,0.286171481,Twentyfour,68,EHA105
Twentyfour_69,0.635644014,Twentyfour,69,EHA105
Twentyfour_70,0.325381158,Twentyfour,70,EHA105
Twentyfour_71,0.414463365,Twentyfour,71,EHA105
Twentyfour_72,0.268046489,Twentyfour,72,EHA105
Twentyfour_73,0.431164443,Twentyfour,73,EHA105
Twentyfour_74,0.292690334,Twentyfour,74,EHA105
Twentyfour_75,0.644397036,Twentyfour,75,EHA105
Twentyfour_76,0.735690201,Twentyfour,76,EHA105
Twentyfour_77,0.777468864,Twentyfour,77,EHA105
Twentyfour_78,0.474584104,Twentyfour,78,EHA105
Twentyfour_79,0.284841489,Twentyfour,79,EHA105
Twentyfour_80,0.446934783,Twentyfour,80,EHA105
Twentyfour_81,0.28014025,Twentyfour,81,EHA105
Twentyfour_82,0.729806623,Twentyfour,82,EHA105
Twentyfour_83,0.330179954,Twentyfour,83,EHA105
Twentyfour_84,0.668048624,Twentyfour,84,EHA105
Twentyfour_85,0.495365617,Twentyfour,85,EHA105
Twentyfour_86,0.436453791,Twentyfour,86,EHA105
Twentyfour_87,0.342930327,Twentyfour,87,EHA105
Twentyfour_88,0.453527458,Twentyfour,88,EHA105
Twentyfour_89,0.62402136,Twentyfour,89,EHA105
Twentyfour_90,0.472811479,Twentyfour,90,EHA105
Twentyfour_91,0.391399469,Twentyfour,91,EHA105
Twentyfour_92,0.63128656,Twentyfour,92,EHA105
Twentyfour_93,0.213143062,Twentyfour,93,EHA105
Twentyfour_94,0.344038768,Twentyfour,94,EHA105
Twentyfour_95,0.259258675,Twentyfour,95,EHA105
Twentyfour_96,0.523731888,Twentyfour,96,EHA105
Twentyfour_97,0.462814328,Twentyfour,97,EHA105
Twentyfour_98,0.776578405,Twentyfour,98,EHA105
Twentyfour_99,0.669532784,Twentyfour,99,EHA105
Twentyfour_100,0.383135804,Twentyfour,100,EHA105
Twentyfour_101,0.661011466,Twentyfour,101,EHA105
Twentyfour_102,0.555795407,Twentyfour,102,EHA105
Twentyfour_103,0.229940555,Twentyfour,103,EHA105
Twentyfour_104,0.812588316,Twentyfour,104,EHA105
Twentyfour_105,0.559659781,Twentyfour,105,EHA105
Twentyfour_106,0.316519924,Twentyfour,106,EHA105
Twentyfour_107,0.467188711,Twentyfour,107,EHA105
Twentyfour_108,0.252316733,Twentyfour,108,EHA105
Twentyfour_109,0.507667931,Twentyfour,109,EHA105
Twentyfour_110,0.547300614,Twentyfour,110,EHA105
Twentyfour_111,0.457967639,Twentyfour,111,EHA105
Twentyfour_112,0.364562704,Twentyfour,112,EHA105
Twentyfour_113,0.730656688,Twentyfour,113,EHA105
Twentyfour_114,0.208360545,Twentyfour,114,EHA105
Twentyfour_115,0.23288637,Twentyfour,115,EHA105
Twentyfour_116,0.593778538,Twentyfour,116,EHA105
Twentyfive_1,0.534919044,Twentyfive,1,EHA105
Twentyfive_2,0.348955448,Twentyfive,2,EHA105
Twentyfive_3,0.368918484,Twentyfive,3,EHA105
Twentyfive_4,0.452405295,Twentyfive,4,EHA105
Twentyfive_5,0.34820149,Twentyfive,5,EHA105
Twentyfive_6,0.232040538,Twentyfive,6,EHA105
Twentyfive_7,0.216796165,Twentyfive,7,EHA105
Twentyfive_8,0.209356847,Twentyfive,8,EHA105
Twentyfive_9,0.150388959,Twentyfive,9,EHA105
Twentyfive_10,0.230785399,Twentyfive,10,EHA105
Twentyfive_11,0.129479662,Twentyfive,11,EHA105
Twentyfive_12,0.128813517,Twentyfive,12,EHA105
Twentyfive_13,0.348498853,Twentyfive,13,EHA105
Twentyfive_14,0.304431432,Twentyfive,14,EHA105
Twentyfive_15,0.209354658,Twentyfive,15,EHA105
Twentyfive_16,0.261300212,Twentyfive,16,EHA105
Twentyfive_17,0.144681246,Twentyfive,17,EHA105
Twentyfive_18,0.363208512,Twentyfive,18,EHA105
Twentyfive_19,0.399506949,Twentyfive,19,EHA105
Twentyfive_20,0.232098867,Twentyfive,20,EHA105
Twentyfive_21,0.473313645,Twentyfive,21,EHA105
Twentyfive_22,0.217934235,Twentyfive,22,EHA105
Twentyfive_23,0.355076443,Twentyfive,23,EHA105
Twentyfive_24,0.596084503,Twentyfive,24,EHA105
Twentyfive_25,0.437761533,Twentyfive,25,EHA105
Twentyfive_26,0.331561373,Twentyfive,26,EHA105
Twentyfive_27,0.3838113,Twentyfive,27,EHA105
Twentyfive_28,0.3232291,Twentyfive,28,EHA105
Twentyfive_29,0.259438174,Twentyfive,29,EHA105
Twentyfive_30,0.451657413,Twentyfive,30,EHA105
Twentyfive_31,0.125621533,Twentyfive,31,EHA105
Twentyfive_32,0.162538006,Twentyfive,32,EHA105
Twentyfive_33,0.254559257,Twentyfive,33,EHA105
Twentyfive_34,0.225950994,Twentyfive,34,EHA105
Twentyfive_35,0.235627563,Twentyfive,35,EHA105
Twentyfive_36,0.149282432,Twentyfive,36,EHA105
Twentyfive_37,0.091974103,Twentyfive,37,EHA105
Twentyfive_38,0.077478307,Twentyfive,38,EHA105
Twentyfive_39,0.182615889,Twentyfive,39,EHA105
Twentyfive_40,0.073958626,Twentyfive,40,EHA105
Twentyfive_41,0.053589242,Twentyfive,41,EHA105
Twentyfive_42,0.093145119,Twentyfive,42,EHA105
Twentyfive_43,0.206006414,Twentyfive,43,EHA105
Twentyfive_44,0.318731149,Twentyfive,44,EHA105
Twentyfive_45,0.416342596,Twentyfive,45,EHA105
Twentyfive_46,0.22752314,Twentyfive,46,EHA105
Twentyfive_47,0.390371269,Twentyfive,47,EHA105
Twentyfive_48,0.238072782,Twentyfive,48,EHA105
Twentyfive_49,0.147345041,Twentyfive,49,EHA105
Twentyfive_50,0.611942841,Twentyfive,50,EHA105
Twentyfive_51,0.233126067,Twentyfive,51,EHA105
Twentyfive_52,0.332188841,Twentyfive,52,EHA105
Twentyfive_53,0.500066391,Twentyfive,53,EHA105
Twentyfive_54,0.52014772,Twentyfive,54,EHA105
Twentyfive_55,0.127014564,Twentyfive,55,EHA105
Twentyfive_56,0.089000916,Twentyfive,56,EHA105
Twentyfive_57,0.16985372,Twentyfive,57,EHA105
Twentyfive_58,0.10165434,Twentyfive,58,EHA105
Twentyfive_59,0.141876094,Twentyfive,59,EHA105
Twentyfive_60,0.293473171,Twentyfive,60,EHA105
Twentyfive_61,0.46035376,Twentyfive,61,EHA105
Twentyfive_62,0.328053891,Twentyfive,62,EHA105
Twentyfive_63,0.184545504,Twentyfive,63,EHA105
Twentyfive_64,0.703980043,Twentyfive,64,EHA105
Twentyfive_65,0.675089074,Twentyfive,65,EHA105
Twentyfive_66,0.320989385,Twentyfive,66,EHA105
Twentyfive_67,0.278071824,Twentyfive,67,EHA105
Twentyfive_68,0.426866932,Twentyfive,68,EHA105
Twentyfive_69,0.253140535,Twentyfive,69,EHA105
Twentyfive_70,0.102614203,Twentyfive,70,EHA105
Twentyfive_71,0.440892964,Twentyfive,71,EHA105
Twentyfive_72,0.185254892,Twentyfive,72,EHA105
Twentyfive_73,0.089232541,Twentyfive,73,EHA105
Twentyfive_74,0.090814859,Twentyfive,74,EHA105
Twentyfive_75,0.107001556,Twentyfive,75,EHA105
Twentyfive_76,0.052829204,Twentyfive,76,EHA105
Twentyfive_77,0.07824549,Twentyfive,77,EHA105
Twentyfive_78,0.08944438,Twentyfive,78,EHA105
Twentyfive_79,0.188954319,Twentyfive,79,EHA105
Twentyfive_80,0.508456302,Twentyfive,80,EHA105
Twentyfive_81,0.277666332,Twentyfive,81,EHA105
Twentyfive_82,0.467600381,Twentyfive,82,EHA105
Twentyfive_83,0.266704609,Twentyfive,83,EHA105
Twentyfive_84,0.502351381,Twentyfive,84,EHA105
Twentyfive_85,0.472157634,Twentyfive,85,EHA105
Twentyfive_86,0.208824391,Twentyfive,86,EHA105
Twentyfive_87,0.272414307,Twentyfive,87,EHA105
Twentyfive_88,0.346851669,Twentyfive,88,EHA105
Twentyfive_89,0.304773847,Twentyfive,89,EHA105
Twentyfive_90,0.393995749,Twentyfive,90,EHA105
Twentyfive_91,0.297144613,Twentyfive,91,EHA105
Twentyfive_92,0.47627748,Twentyfive,92,EHA105
Twentyfive_93,0.316945385,Twentyfive,93,EHA105
Twentyfive_94,0.279271769,Twentyfive,94,EHA105
Twentyfive_95,0.208477531,Twentyfive,95,EHA105
Twentyfive_96,0.522850343,Twentyfive,96,EHA105
Twentyfive_97,0.327486255,Twentyfive,97,EHA105
Twentyfive_98,0.39293654,Twentyfive,98,EHA105
Twentyfive_99,0.56501703,Twentyfive,99,EHA105
Twentyfive_100,0.558343819,Twentyfive,100,EHA105
Twentyfive_101,0.370327173,Twentyfive,101,EHA105
Twentyfive_102,0.138019606,Twentyfive,102,EHA105
Twentyfive_103,0.333780634,Twentyfive,103,EHA105
Twentyfive_104,0.414337102,Twentyfive,104,EHA105
Twentyfive_105,0.286419278,Twentyfive,105,EHA105
Twentyfive_106,0.408672082,Twentyfive,106,EHA105
Twentyfive_107,0.685938313,Twentyfive,107,EHA105
Twentyfive_108,1.211564753,Twentyfive,108,EHA105
Twentyfive_109,0.235765067,Twentyfive,109,EHA105
Twentyfive_110,0.109956535,Twentyfive,110,EHA105
Twentyfive_111,0.122948959,Twentyfive,111,EHA105
Twentyfive_112,0.13972524,Twentyfive,112,EHA105
Twentyfive_113,0.160674255,Twentyfive,113,EHA105
Twentyfive_114,0.192411216,Twentyfive,114,EHA105
Twentyfive_115,0.249596129,Twentyfive,115,EHA105
Twentyfive_116,0.384542776,Twentyfive,116,EHA105
Twentyfive_117,0.465665599,Twentyfive,117,EHA105
Twentyfive_118,0.202634974,Twentyfive,118,EHA105
Twentyfive_119,0.652128478,Twentyfive,119,EHA105
Twentyfive_120,0.518299737,Twentyfive,120,EHA105
Twentysix_1,0.152551075,Twentysix,1,EHA105
Twentysix_2,0.242929297,Twentysix,2,GV3101
Twentysix_3,0.37415078,Twentysix,3,EHA105
Twentysix_4,0.295843929,Twentysix,4,GV3101
Twentysix_5,0.270382752,Twentysix,5,EHA105
Twentysix_6,0.223677345,Twentysix,6,GV3101
Twentysix_7,0.251823564,Twentysix,7,EHA105
Twentysix_8,0.301723269,Twentysix,8,GV3101
Twentysix_9,0.367271262,Twentysix,9,EHA105
Twentysix_10,0.225592785,Twentysix,10,GV3101
Twentysix_11,0.563603713,Twentysix,11,EHA105
Twentysix_12,0.189201599,Twentysix,12,GV3101
Twentysix_13,0.189206964,Twentysix,13,EHA105
Twentysix_14,0.323722096,Twentysix,14,GV3101
Twentysix_15,0.104655972,Twentysix,15,EHA105
Twentysix_16,0.359735717,Twentysix,16,GV3101
Twentysix_17,0.20719956,Twentysix,17,EHA105
Twentysix_18,0.410364033,Twentysix,18,GV3101
Twentysix_19,0.269750765,Twentysix,19,EHA105
Twentysix_20,0.183057548,Twentysix,20,GV3101
Twentysix_21,0.379693856,Twentysix,21,EHA105
Twentysix_22,0.395636924,Twentysix,22,GV3101
Twentysix_23,0.387384028,Twentysix,23,EHA105
Twentysix_24,0.214401553,Twentysix,24,GV3101
Twentysix_25,0.103513716,Twentysix,25,EHA105
Twentysix_26,0.084392344,Twentysix,26,GV3101
Twentysix_27,0.158255831,Twentysix,27,EHA105
Twentysix_28,0.31112322,Twentysix,28,GV3101
Twentysix_29,0.110334363,Twentysix,29,EHA105
Twentysix_30,0.411584488,Twentysix,30,GV3101
Twentysix_31,0.450078606,Twentysix,31,EHA105
Twentysix_32,0.229953041,Twentysix,32,GV3101
Twentysix_33,0.2597065,Twentysix,33,EHA105
Twentysix_34,0.233508365,Twentysix,34,GV3101
Twentysix_35,0.483790301,Twentysix,35,EHA105
Twentysix_36,0.348477415,Twentysix,36,GV3101
Twentysix_37,0.294513489,Twentysix,37,EHA105
Twentysix_38,0.206816788,Twentysix,38,GV3101
Twentysix_39,0.339525652,Twentysix,39,EHA105
Twentysix_40,0.335070347,Twentysix,40,GV3101
Twentysix_41,0.368878285,Twentysix,41,EHA105
Twentysix_42,0.189244473,Twentysix,42,GV3101
Twentysix_43,0.129708964,Twentysix,43,EHA105
Twentysix_44,0.112389396,Twentysix,44,GV3101
Twentysix_45,0.257144995,Twentysix,45,EHA105
Twentysix_46,0.514531337,Twentysix,46,GV3101
Twentysix_47,0.164805181,Twentysix,47,EHA105
Twentysix_48,0.13525144,Twentysix,48,GV3101
Twentysix_49,0.105884338,Twentysix,49,EHA105
Twentysix_50,0.224141716,Twentysix,50,GV3101
Twentysix_51,0.412054577,Twentysix,51,EHA105
Twentysix_52,0.507387672,Twentysix,52,GV3101
Twentysix_53,0.25265476,Twentysix,53,EHA105
Twentysix_54,0.245960106,Twentysix,54,GV3101
Twentysix_55,0.185226269,Twentysix,55,EHA105
Twentysix_56,0.267133583,Twentysix,56,GV3101
Twentysix_57,0.120074042,Twentysix,57,EHA105
Twentysix_58,0.219001105,Twentysix,58,GV3101
Twentysix_59,0.761423736,Twentysix,59,EHA105
Twentysix_60,0.320272233,Twentysix,60,GV3101
Twentysix_61,0.254577055,Twentysix,61,EHA105
Twentysix_62,0.167697695,Twentysix,62,GV3101
Twentysix_63,0.253060552,Twentysix,63,EHA105
Twentysix_64,0.110963925,Twentysix,64,GV3101
Twentysix_65,0.279787665,Twentysix,65,EHA105
Twentysix_66,0.334987868,Twentysix,66,GV3101
Twentysix_67,0.293622609,Twentysix,67,EHA105
Twentysix_68,0.367511937,Twentysix,68,GV3101
Twentysix_69,0.528294116,Twentysix,69,EHA105
Twentysix_70,0.154009804,Twentysix,70,GV3101
Twentysix_71,0.264637524,Twentysix,71,EHA105
Twentysix_72,0.372548456,Twentysix,72,GV3101
Twentysix_73,0.0955697,Twentysix,73,EHA105
Twentysix_74,0.335528209,Twentysix,74,GV3101
Twentysix_75,0.290627864,Twentysix,75,EHA105
Twentyseven_1,0.320450066,Twentyseven,1,GV3101
Twentyseven_2,0.386328664,Twentyseven,2,GV3101
Twentyseven_3,0.419145633,Twentyseven,3,GV3101
Twentyseven_4,0.249607472,Twentyseven,4,GV3101
Twentyseven_5,0.387970535,Twentyseven,5,GV3101
Twentyseven_6,0.320002212,Twentyseven,6,GV3101
Twentyseven_7,0.394619701,Twentyseven,7,GV3101
Twentyseven_8,0.323582596,Twentyseven,8,GV3101
Twentyseven_9,0.334072087,Twentyseven,9,GV3101
Twentyseven_10,0.417146683,Twentyseven,10,GV3101
Twentyseven_11,0.472217963,Twentyseven,11,GV3101
Twentyseven_12,0.206185958,Twentyseven,12,GV3101
Twentyseven_13,0.415259299,Twentyseven,13,GV3101
Twentyseven_14,0.27638771,Twentyseven,14,GV3101
Twentyseven_15,0.41241152,Twentyseven,15,GV3101
Twentyseven_16,0.528078753,Twentyseven,16,GV3101
Twentyseven_17,0.355857903,Twentyseven,17,GV3101
Twentyseven_18,0.182509087,Twentyseven,18,GV3101
Twentyseven_19,0.376161151,Twentyseven,19,GV3101
Twentyseven_20,0.47074211,Twentyseven,20,GV3101
Twentyseven_21,0.427655984,Twentyseven,21,GV3101
Twentyseven_22,0.322636919,Twentyseven,22,GV3101
Twentyseven_23,0.272731089,Twentyseven,23,GV3101
Twentyseven_24,0.431139601,Twentyseven,24,GV3101
Twentyseven_25,0.446915757,Twentyseven,25,GV3101
Twentyseven_26,0.425017659,Twentyseven,26,GV3101
Twentyseven_27,0.422947954,Twentyseven,27,GV3101
Twentyseven_28,0.307242116,Twentyseven,28,GV3101
Twentyseven_29,0.435968391,Twentyseven,29,GV3101
Twentyseven_30,0.346226758,Twentyseven,30,GV3101
Twentyseven_31,0.232906628,Twentyseven,31,GV3101
Twentyseven_32,0.254070317,Twentyseven,32,GV3101
Twentyseven_33,0.435735348,Twentyseven,33,GV3101
Twentyseven_34,0.665672918,Twentyseven,34,GV3101
Twentyseven_35,0.329849458,Twentyseven,35,GV3101
Twentyseven_36,0.163025344,Twentyseven,36,GV3101
Twentyseven_37,0.326214675,Twentyseven,37,GV3101
Twentyseven_38,0.310903945,Twentyseven,38,GV3101
Twentyseven_39,0.437890711,Twentyseven,39,GV3101
Twentyseven_40,0.436318395,Twentyseven,40,GV3101
Twentyseven_41,0.369408941,Twentyseven,41,GV3101
Twentyseven_42,0.551411093,Twentyseven,42,GV3101
Twentyseven_43,0.259990071,Twentyseven,43,GV3101
Twentyseven_44,0.20162999,Twentyseven,44,GV3101
Twentyseven_45,0.445936321,Twentyseven,45,GV3101
Twentyseven_46,0.368002868,Twentyseven,46,GV3101
Twentyseven_47,0.25740295,Twentyseven,47,GV3101
Twentyseven_48,0.297597813,Twentyseven,48,GV3101
Twentyseven_49,0.312909558,Twentyseven,49,GV3101
Twentyseven_50,0.355701563,Twentyseven,50,GV3101
Twentyseven_51,0.55033877,Twentyseven,51,GV3101
Twentyseven_52,0.333204133,Twentyseven,52,GV3101
Twentyseven_53,0.333334356,Twentyseven,53,GV3101
Twentyseven_54,0.219619224,Twentyseven,54,GV3101
Twentyseven_55,0.272655703,Twentyseven,55,GV3101
Twentyseven_56,0.40803518,Twentyseven,56,GV3101
Twentyseven_57,0.335680184,Twentyseven,57,GV3101
Twentyseven_58,0.165103436,Twentyseven,58,GV3101
Twentyseven_59,0.27361811,Twentyseven,59,GV3101
Twentyseven_60,0.332788223,Twentyseven,60,GV3101
Twentyseven_61,0.338650546,Twentyseven,61,GV3101
Twentyseven_62,0.311003573,Twentyseven,62,GV3101
Twentyseven_63,0.455096135,Twentyseven,63,GV3101
Twentyeight_1,0.279688742,Twentyeight,1,GV3101
Twentyeight_2,0.172081426,Twentyeight,2,GV3101
Twentyeight_3,0.105661309,Twentyeight,3,GV3101
Twentyeight_4,0.227611132,Twentyeight,4,GV3101
Twentyeight_5,0.168308954,Twentyeight,5,GV3101
Twentyeight_6,0.132539249,Twentyeight,6,GV3101
Twentyeight_7,0.478803158,Twentyeight,7,GV3101
Twentyeight_8,1.659401137,Twentyeight,8,GV3101
Twentyeight_9,0.445152719,Twentyeight,9,GV3101
Twentyeight_10,0.547446177,Twentyeight,10,GV3101
Twentyeight_11,0.33322023,Twentyeight,11,GV3101
Twentyeight_12,0.851647997,Twentyeight,12,GV3101
Twentyeight_13,0.074645024,Twentyeight,13,GV3101
Twentyeight_14,0.108647881,Twentyeight,14,GV3101
Twentyeight_15,0.422431993,Twentyeight,15,GV3101
Twentyeight_16,0.381771412,Twentyeight,16,GV3101
Twentyeight_17,0.156110595,Twentyeight,17,GV3101
Twentyeight_18,0.2673139,Twentyeight,18,GV3101
Twentyeight_19,1.027900785,Twentyeight,19,GV3101
Twentyeight_20,0.596564994,Twentyeight,20,GV3101
Twentyeight_21,0.621955341,Twentyeight,21,GV3101
Twentyeight_22,0.696014469,Twentyeight,22,GV3101
Twentyeight_23,0.598710664,Twentyeight,23,GV3101
Twentyeight_24,0.095365661,Twentyeight,24,GV3101
Twentyeight_25,0.357857361,Twentyeight,25,GV3101
Twentyeight_26,0.450397407,Twentyeight,26,GV3101
Twentyeight_27,0.202098972,Twentyeight,27,GV3101
Twentyeight_28,0.220602319,Twentyeight,28,GV3101
Twentyeight_29,0.125726638,Twentyeight,29,GV3101
Twentyeight_30,0.180158497,Twentyeight,30,GV3101
Twentyeight_31,0.220840371,Twentyeight,31,GV3101
Twentyeight_32,0.103897346,Twentyeight,32,GV3101
Twentyeight_33,0.124076834,Twentyeight,33,GV3101
Twentyeight_34,0.187824702,Twentyeight,34,GV3101
Twentyeight_35,0.140198946,Twentyeight,35,GV3101
Twentyeight_36,0.220713342,Twentyeight,36,GV3101
Twentyeight_37,0.259905236,Twentyeight,37,GV3101
Twentyeight_38,0.251671126,Twentyeight,38,GV3101
Twentyeight_39,0.485253275,Twentyeight,39,GV3101
Twentyeight_40,0.215671325,Twentyeight,40,GV3101
Twentyeight_41,0.507835653,Twentyeight,41,GV3101
Twentyeight_42,0.239800944,Twentyeight,42,GV3101
Twentyeight_43,0.164075733,Twentyeight,43,GV3101
Twentyeight_44,0.160387773,Twentyeight,44,GV3101
Twentyeight_45,0.347398664,Twentyeight,45,GV3101
Twentyeight_46,0.130135704,Twentyeight,46,GV3101
Twentyeight_47,0.058698793,Twentyeight,47,GV3101
Twentyeight_48,0.144629454,Twentyeight,48,GV3101
Twentyeight_49,0.24623772,Twentyeight,49,GV3101
Twentyeight_50,0.081405947,Twentyeight,50,GV3101
Twentyeight_51,0.196150282,Twentyeight,51,GV3101
Twentyeight_52,0.153843353,Twentyeight,52,GV3101
Twentyeight_53,0.095570537,Twentyeight,53,GV3101
Twentyeight_54,0.076515927,Twentyeight,54,GV3101
Twentyeight_55,0.134434449,Twentyeight,55,GV3101
Twentyeight_56,0.204423983,Twentyeight,56,GV3101
Twentyeight_57,0.270474748,Twentyeight,57,GV3101
Twentyeight_58,0.128990771,Twentyeight,58,GV3101
Twentyeight_59,0.048264538,Twentyeight,59,GV3101
Twentyeight_60,0.16206704,Twentyeight,60,GV3101
Twentyeight_61,0.108579935,Twentyeight,61,GV3101
Twentyeight_62,0.183908639,Twentyeight,62,GV3101
Twentyeight_63,0.403692793,Twentyeight,63,GV3101
Twentyeight_64,0.205798671,Twentyeight,64,GV3101
Twentyeight_65,0.188265734,Twentyeight,65,GV3101
Twentyeight_66,0.242103673,Twentyeight,66,GV3101
Twentyeight_67,0.572703752,Twentyeight,67,GV3101
Twentyeight_68,0.706636894,Twentyeight,68,GV3101
Twentyeight_69,0.596552323,Twentyeight,69,GV3101
Twentyeight_70,0.328430091,Twentyeight,70,GV3101
Twentyeight_71,0.356843513,Twentyeight,71,GV3101
Twentyeight_72,0.694715633,Twentyeight,72,GV3101
Twentyeight_73,0.156047646,Twentyeight,73,GV3101
Twentyeight_74,0.080771609,Twentyeight,74,GV3101
Twentyeight_75,0.193632421,Twentyeight,75,GV3101
Twentyeight_76,0.125862412,Twentyeight,76,GV3101
Twentyeight_77,0.213069728,Twentyeight,77,GV3101
Twentyeight_78,0.170778514,Twentyeight,78,GV3101
Twentyeight_79,0.210533704,Twentyeight,79,GV3101
Twentyeight_80,0.3471108,Twentyeight,80,GV3101
Twentyeight_81,0.121034264,Twentyeight,81,GV3101
Twentyeight_82,0.281687724,Twentyeight,82,GV3101
Twentyeight_83,0.238345548,Twentyeight,83,GV3101
Twentyeight_84,0.902922351,Twentyeight,84,GV3101
Twentyeight_85,0.222219437,Twentyeight,85,GV3101
Twentyeight_86,0.151713055,Twentyeight,86,GV3101
Twentyeight_87,0.32001499,Twentyeight,87,GV3101
Twentyeight_88,0.270427217,Twentyeight,88,GV3101
Twentyeight_89,0.244107626,Twentyeight,89,GV3101
Twentyeight_90,0.394074161,Twentyeight,90,GV3101
Twentyeight_91,0.200763765,Twentyeight,91,GV3101
Twentyeight_92,0.190126955,Twentyeight,92,GV3101
Twentyeight_93,0.539471417,Twentyeight,93,GV3101
Twentyeight_94,0.168294033,Twentyeight,94,GV3101
Twentyeight_95,0.398952794,Twentyeight,95,GV3101
Twentyeight_96,0.154700414,Twentyeight,96,GV3101
Twentyeight_97,0.201094296,Twentyeight,97,GV3101
Twentyeight_98,0.363589865,Twentyeight,98,GV3101
Twentyeight_99,0.225339635,Twentyeight,99,GV3101
Twentyeight_100,0.377312391,Twentyeight,100,GV3101
Twentyeight_101,0.286316671,Twentyeight,101,GV3101
Twentyeight_102,0.065501698,Twentyeight,102,GV3101
Twentyeight_103,0.153253579,Twentyeight,103,GV3101
Twentyeight_104,0.175714936,Twentyeight,104,GV3101
Twentyeight_105,0.236678866,Twentyeight,105,GV3101
Twentyeight_106,0.101169188,Twentyeight,106,GV3101
Twentyeight_107,0.112866797,Twentyeight,107,GV3101
Twentyeight_108,0.181332881,Twentyeight,108,GV3101
Twentyeight_109,0.327196734,Twentyeight,109,GV3101
Twentyeight_110,0.124204394,Twentyeight,110,GV3101
Twentyeight_111,0.21871592,Twentyeight,111,GV3101
Twentyeight_112,0.249858404,Twentyeight,112,GV3101
Twentyeight_113,0.353689569,Twentyeight,113,GV3101
Twentyeight_114,0.188975318,Twentyeight,114,GV3101
Twentynine_1,0.112989088,Twentynine,1,GV3101
Twentynine_2,0.094185493,Twentynine,2,GV3101
Twentynine_3,0.187504763,Twentynine,3,GV3101
Twentynine_4,0.330883726,Twentynine,4,GV3101
Twentynine_5,0.12890892,Twentynine,5,GV3101
Twentynine_6,0.283394348,Twentynine,6,GV3101
Twentynine_7,0.210955799,Twentynine,7,GV3101
Twentynine_8,0.243921089,Twentynine,8,GV3101
Twentynine_9,0.194454712,Twentynine,9,GV3101
Twentynine_10,0.215598128,Twentynine,10,GV3101
Twentynine_11,0.273362718,Twentynine,11,GV3101
Twentynine_12,0.20589144,Twentynine,12,GV3101
Twentynine_13,0.142121929,Twentynine,13,GV3101
Twentynine_14,0.26137185,Twentynine,14,GV3101
Twentynine_15,0.300498101,Twentynine,15,GV3101
Twentynine_16,0.227462837,Twentynine,16,GV3101
Twentynine_17,0.323237689,Twentynine,17,GV3101
Twentynine_18,0.177722115,Twentynine,18,GV3101
Twentynine_19,0.198794535,Twentynine,19,GV3101
Twentynine_20,0.263786012,Twentynine,20,GV3101
Twentynine_21,0.326698925,Twentynine,21,GV3101
Twentynine_22,0.461144323,Twentynine,22,GV3101
Twentynine_23,0.416783272,Twentynine,23,GV3101
Twentynine_24,0.248063665,Twentynine,24,GV3101
Twentynine_25,0.278594823,Twentynine,25,GV3101
Twentynine_26,0.226142215,Twentynine,26,GV3101
Twentynine_27,0.218574273,Twentynine,27,GV3101
Twentynine_28,0.183976866,Twentynine,28,GV3101
Twentynine_29,0.175240862,Twentynine,29,GV3101
Twentynine_30,0.250835966,Twentynine,30,GV3101
Twentynine_31,0.249246774,Twentynine,31,GV3101
Twentynine_32,0.110626994,Twentynine,32,GV3101
Twentynine_33,0.103637987,Twentynine,33,GV3101
Twentynine_34,0.19108252,Twentynine,34,GV3101
Twentynine_35,0.134172046,Twentynine,35,GV3101
Twentynine_36,0.107029228,Twentynine,36,GV3101
Twentynine_37,0.117993543,Twentynine,37,GV3101
Twentynine_38,0.272734919,Twentynine,38,GV3101
Twentynine_39,0.101678826,Twentynine,39,GV3101
Twentynine_40,0.178765687,Twentynine,40,GV3101
Twentynine_41,0.183636622,Twentynine,41,GV3101
Twentynine_42,0.190978256,Twentynine,42,GV3101
Twentynine_43,0.094290863,Twentynine,43,GV3101
Twentynine_44,0.120314247,Twentynine,44,GV3101
Twentynine_45,0.05392372,Twentynine,45,GV3101
Twentynine_46,0.088504902,Twentynine,46,GV3101
Twentynine_47,0.097027611,Twentynine,47,GV3101
Twentynine_48,0.12569492,Twentynine,48,GV3101
Twentynine_49,0.149288544,Twentynine,49,GV3101
Twentynine_50,0.207675685,Twentynine,50,GV3101
Twentynine_51,0.139547602,Twentynine,51,GV3101
Twentynine_52,0.182020103,Twentynine,52,GV3101
Twentynine_53,0.249734121,Twentynine,53,GV3101
Twentynine_54,0.346677066,Twentynine,54,GV3101
Twentynine_55,0.157510462,Twentynine,55,GV3101
Twentynine_56,0.217257761,Twentynine,56,GV3101
Twentynine_57,0.148488002,Twentynine,57,GV3101
Twentynine_58,0.154371398,Twentynine,58,GV3101
Twentynine_59,0.140846811,Twentynine,59,GV3101
Twentynine_60,0.105265238,Twentynine,60,GV3101
Twentynine_61,0.283025556,Twentynine,61,GV3101
Twentynine_62,0.258873922,Twentynine,62,GV3101
Twentynine_63,0.134429444,Twentynine,63,GV3101
Twentynine_64,0.136003381,Twentynine,64,GV3101
Twentynine_65,0.177434903,Twentynine,65,GV3101
Twentynine_66,0.126488536,Twentynine,66,GV3101
Twentynine_67,0.279165307,Twentynine,67,GV3101
Twentynine_68,0.121861718,Twentynine,68,GV3101
Twentynine_69,0.143591301,Twentynine,69,GV3101
Twentynine_70,0.164969561,Twentynine,70,GV3101
Twentynine_71,0.171018722,Twentynine,71,GV3101
Twentynine_72,0.308748891,Twentynine,72,GV3101
Twentynine_73,0.178059017,Twentynine,73,GV3101
Twentynine_74,0.252761399,Twentynine,74,GV3101
Twentynine_75,0.136732807,Twentynine,75,GV3101
Twentynine_76,0.108064567,Twentynine,76,GV3101
Twentynine_77,0.223302143,Twentynine,77,GV3101
Twentynine_78,0.360864738,Twentynine,78,GV3101
Twentynine_79,0.185669943,Twentynine,79,GV3101
Twentynine_80,0.138099914,Twentynine,80,GV3101
Twentynine_81,0.111331353,Twentynine,81,GV3101
Twentynine_82,0.20999607,Twentynine,82,GV3101
Twentynine_83,0.178250469,Twentynine,83,GV3101
Twentynine_84,0.253103436,Twentynine,84,GV3101
Twentynine_85,0.307758874,Twentynine,85,GV3101
Twentynine_86,0.273470452,Twentynine,86,GV3101
Twentynine_87,0.177626529,Twentynine,87,GV3101
Twentynine_88,0.180562554,Twentynine,88,GV3101
Twentynine_89,0.128877327,Twentynine,89,GV3101
Twentynine_90,0.275275766,Twentynine,90,GV3101
Twentynine_91,0.163647086,Twentynine,91,GV3101
Twentynine_92,0.214695309,Twentynine,92,GV3101
Twentynine_93,0.156275045,Twentynine,93,GV3101
Twentynine_94,0.112474688,Twentynine,94,GV3101
Twentynine_95,0.295310899,Twentynine,95,GV3101
Twentynine_96,0.151723936,Twentynine,96,GV3101
Twentynine_97,0.111916595,Twentynine,97,GV3101
Twentynine_98,0.17066594,Twentynine,98,GV3101
Twentynine_99,0.162994177,Twentynine,99,GV3101
Twentynine_100,0.112935863,Twentynine,100,GV3101
Twentynine_101,0.148500262,Twentynine,101,GV3101
Twentynine_102,0.167209569,Twentynine,102,GV3101
Twentynine_103,0.675544888,Twentynine,103,GV3101
Twentynine_104,0.339196821,Twentynine,104,GV3101
Twentynine_105,0.308315592,Twentynine,105,GV3101
Twentynine_106,0.330091671,Twentynine,106,GV3101
Twentynine_107,0.271772416,Twentynine,107,GV3101
Twentynine_108,0.237662864,Twentynine,108,GV3101
Twentynine_109,0.234356094,Twentynine,109,GV3101
Twentynine_110,0.188148602,Twentynine,110,GV3101
Twentynine_111,0.131275648,Twentynine,111,GV3101
Twentynine_112,0.107086782,Twentynine,112,GV3101
Twentynine_113,0.194289421,Twentynine,113,GV3101
Twentynine_114,0.103036231,Twentynine,114,GV3101
Thirty_1,0.277241005,Thirty,1,GV3101
Thirty_2,0.101516957,Thirty,2,GV3101
Thirty_3,0.120163988,Thirty,3,GV3101
Thirty_4,0.088977383,Thirty,4,GV3101
Thirty_5,0.092540914,Thirty,5,GV3101
Thirty_6,0.332276339,Thirty,6,GV3101
Thirty_7,0.699868611,Thirty,7,GV3101
Thirty_8,0.612887985,Thirty,8,GV3101
Thirty_9,0.354348677,Thirty,9,GV3101
Thirty_10,0.771560059,Thirty,10,GV3101
Thirty_11,0.465787589,Thirty,11,GV3101
Thirty_12,0.459751258,Thirty,12,GV3101
Thirty_13,0.182860963,Thirty,13,GV3101
Thirty_14,0.174783424,Thirty,14,GV3101
Thirty_15,0.188383811,Thirty,15,GV3101
Thirty_16,0.147015712,Thirty,16,GV3101
Thirty_17,0.178612418,Thirty,17,GV3101
Thirty_18,0.432005586,Thirty,18,GV3101
Thirty_19,0.177637098,Thirty,19,GV3101
Thirty_20,0.696821392,Thirty,20,GV3101
Thirty_21,0.264462537,Thirty,21,GV3101
Thirty_22,0.18135876,Thirty,22,GV3101
Thirty_23,0.177577461,Thirty,23,GV3101
Thirty_24,0.165354529,Thirty,24,GV3101
Thirty_25,0.167009414,Thirty,25,GV3101
Thirty_26,0.148342728,Thirty,26,GV3101
Thirty_27,0.258840505,Thirty,27,GV3101
Thirty_28,0.181877355,Thirty,28,GV3101
Thirty_29,0.271817838,Thirty,29,GV3101
Thirty_30,0.296622943,Thirty,30,GV3101
Thirty_31,0.2845658,Thirty,31,GV3101
Thirty_32,0.422860035,Thirty,32,GV3101
Thirty_33,0.352868441,Thirty,33,GV3101
Thirty_34,0.23923556,Thirty,34,GV3101
Thirty_35,0.269021469,Thirty,35,GV3101
Thirty_36,0.158652549,Thirty,36,GV3101
Thirty_37,0.35158482,Thirty,37,GV3101
Thirty_38,0.21139805,Thirty,38,GV3101
Thirty_39,0.474868782,Thirty,39,GV3101
Thirty_40,0.338569395,Thirty,40,GV3101
Thirty_41,0.143824667,Thirty,41,GV3101
Thirty_42,0.273542077,Thirty,42,GV3101
Thirty_43,0.086029029,Thirty,43,GV3101
Thirty_44,0.306442572,Thirty,44,GV3101
Thirty_45,0.272796152,Thirty,45,GV3101
Thirty_46,0.168744042,Thirty,46,GV3101
Thirty_47,0.293098017,Thirty,47,GV3101
Thirty_48,0.111849018,Thirty,48,GV3101
Thirty_49,0.198787799,Thirty,49,GV3101
Thirty_50,0.580018397,Thirty,50,GV3101
Thirty_51,0.218637633,Thirty,51,GV3101
Thirty_52,0.160307881,Thirty,52,GV3101
Thirty_53,0.232309194,Thirty,53,GV3101
Thirty_54,0.238785322,Thirty,54,GV3101
Thirty_55,0.20874505,Thirty,55,GV3101
Thirty_56,0.465070517,Thirty,56,GV3101
Thirty_57,0.213009492,Thirty,57,GV3101
Thirty_58,0.280873011,Thirty,58,GV3101
Thirty_59,0.227868574,Thirty,59,GV3101
Thirty_60,0.270518399,Thirty,60,GV3101
Thirty_61,0.131654501,Thirty,61,GV3101
Thirty_62,0.218796458,Thirty,62,GV3101
Thirty_63,0.227688388,Thirty,63,GV3101
Thirty_64,0.146253404,Thirty,64,GV3101
Thirty_65,0.779507404,Thirty,65,GV3101
Thirty_66,0.362881419,Thirty,66,GV3101
Thirty_67,0.162798075,Thirty,67,GV3101
Thirty_68,0.182374167,Thirty,68,GV3101
Thirty_69,0.196785373,Thirty,69,GV3101
Thirty_70,0.155850587,Thirty,70,GV3101
Thirty_71,0.223749411,Thirty,71,GV3101
Thirty_72,0.150052232,Thirty,72,GV3101
Thirty_73,0.275316676,Thirty,73,GV3101
Thirty_74,0.315358055,Thirty,74,GV3101
Thirty_75,0.230858769,Thirty,75,GV3101
Thirty_76,0.236933329,Thirty,76,GV3101
Thirty_77,0.45831484,Thirty,77,GV3101
Thirty_78,0.223710456,Thirty,78,GV3101
Thirty_79,0.205564046,Thirty,79,GV3101
Thirty_80,0.20571476,Thirty,80,GV3101
Thirty_81,0.222951943,Thirty,81,GV3101
Thirty_82,0.079270197,Thirty,82,GV3101
Thirty_83,0.180867447,Thirty,83,GV3101
Thirty_84,0.195766459,Thirty,84,GV3101
Thirty_85,0.108688364,Thirty,85,GV3101
Thirty_86,0.217852304,Thirty,86,GV3101
Thirty_87,0.213046861,Thirty,87,GV3101
Thirty_88,0.188825294,Thirty,88,GV3101
Thirty_89,0.229286174,Thirty,89,GV3101
Thirty_90,0.10934229,Thirty,90,GV3101
Thirty_91,0.273792381,Thirty,91,GV3101
Thirty_92,0.129910221,Thirty,92,GV3101
Thirty_93,0.172727466,Thirty,93,GV3101
Thirty_94,0.285345907,Thirty,94,GV3101
Thirty_95,0.216410775,Thirty,95,GV3101
Thirty_96,0.154513092,Thirty,96,GV3101
Thirty_97,0.15793342,Thirty,97,GV3101
Thirty_98,0.171078147,Thirty,98,GV3101
Thirty_99,0.177905822,Thirty,99,GV3101
Thirty_100,0.176380595,Thirty,100,GV3101
Thirty_101,0.154890588,Thirty,101,GV3101
Thirty_102,0.158773362,Thirty,102,GV3101
Thirtyone_1,0.268348292,Thirtyone,1,GV3101
Thirtyone_2,0.10076005,Thirtyone,2,GV3101
Thirtyone_3,0.120545078,Thirtyone,3,GV3101
Thirtyone_4,0.664839547,Thirtyone,4,GV3101
Thirtyone_5,0.351977602,Thirtyone,5,GV3101
Thirtyone_6,1.053443517,Thirtyone,6,GV3101
Thirtyone_7,0.354177883,Thirtyone,7,GV3101
Thirtyone_8,0.167092241,Thirtyone,8,GV3101
Thirtyone_9,0.631933926,Thirtyone,9,GV3101
Thirtyone_10,0.422361029,Thirtyone,10,GV3101
Thirtyone_11,0.394524148,Thirtyone,11,GV3101
Thirtyone_12,0.16940984,Thirtyone,12,GV3101
Thirtyone_13,0.128972205,Thirtyone,13,GV3101
Thirtyone_14,0.507040502,Thirtyone,14,GV3101
Thirtyone_15,0.364427812,Thirtyone,15,GV3101
Thirtyone_16,0.202283696,Thirtyone,16,GV3101
Thirtyone_17,0.428126213,Thirtyone,17,GV3101
Thirtyone_18,0.238029719,Thirtyone,18,GV3101
Thirtyone_19,0.125550072,Thirtyone,19,GV3101
Thirtyone_20,0.079177757,Thirtyone,20,GV3101
Thirtyone_21,0.197484004,Thirtyone,21,GV3101
Thirtyone_22,0.231902499,Thirtyone,22,GV3101
Thirtyone_23,0.179577996,Thirtyone,23,GV3101
Thirtyone_24,0.216460271,Thirtyone,24,GV3101
Thirtyone_25,0.120826575,Thirtyone,25,GV3101
Thirtyone_26,0.204113908,Thirtyone,26,GV3101
Thirtyone_27,0.138587731,Thirtyone,27,GV3101
Thirtyone_28,0.080868777,Thirtyone,28,GV3101
Thirtyone_29,0.070147739,Thirtyone,29,GV3101
Thirtyone_30,0.251161747,Thirtyone,30,GV3101
Thirtyone_31,0.150242541,Thirtyone,31,GV3101
Thirtyone_32,0.520768565,Thirtyone,32,GV3101
Thirtyone_33,0.091598322,Thirtyone,33,GV3101
Thirtyone_34,0.107954788,Thirtyone,34,GV3101
Thirtyone_35,0.457263083,Thirtyone,35,GV3101
Thirtyone_36,0.288747995,Thirtyone,36,GV3101
Thirtyone_37,0.380700133,Thirtyone,37,GV3101
Thirtyone_38,0.26267638,Thirtyone,38,GV3101
Thirtyone_39,0.134658698,Thirtyone,39,GV3101
Thirtyone_40,0.252297126,Thirtyone,40,GV3101
Thirtyone_41,0.32414699,Thirtyone,41,GV3101
Thirtyone_42,0.278345605,Thirtyone,42,GV3101
Thirtyone_43,0.246689351,Thirtyone,43,GV3101
Thirtyone_44,0.966563257,Thirtyone,44,GV3101
Thirtyone_45,0.109698251,Thirtyone,45,GV3101
Thirtyone_46,0.162210855,Thirtyone,46,GV3101
Thirtyone_47,0.166721653,Thirtyone,47,GV3101
Thirtyone_48,0.224741524,Thirtyone,48,GV3101
Thirtyone_49,0.06739168,Thirtyone,49,GV3101
Thirtyone_50,1.105571848,Thirtyone,50,GV3101
Thirtyone_51,0.190331601,Thirtyone,51,GV3101
Thirtyone_52,0.095817019,Thirtyone,52,GV3101
Thirtyone_53,0.362497779,Thirtyone,53,GV3101
Thirtyone_54,0.309981222,Thirtyone,54,GV3101
Thirtyone_55,0.088922092,Thirtyone,55,GV3101
Thirtyone_56,0.163202703,Thirtyone,56,GV3101
Thirtyone_57,0.160424698,Thirtyone,57,GV3101
Thirtyone_58,0.122306628,Thirtyone,58,GV3101
Thirtyone_59,0.241268093,Thirtyone,59,GV3101
Thirtyone_60,0.064554889,Thirtyone,60,GV3101
Thirtyone_61,0.178932549,Thirtyone,61,GV3101
Thirtyone_62,0.18513292,Thirtyone,62,GV3101
Thirtyone_63,0.165058744,Thirtyone,63,GV3101
Thirtyone_64,0.366777107,Thirtyone,64,GV3101
Thirtyone_65,0.16218538,Thirtyone,65,GV3101
Thirtyone_66,0.115216488,Thirtyone,66,GV3101
Thirtyone_67,0.448830283,Thirtyone,67,GV3101
Thirtyone_68,0.471056129,Thirtyone,68,GV3101
Thirtyone_69,0.158846692,Thirtyone,69,GV3101
Thirtyone_70,0.173223755,Thirtyone,70,GV3101
Thirtyone_71,0.238904689,Thirtyone,71,GV3101
Thirtyone_72,0.413539448,Thirtyone,72,GV3101
Thirtyone_73,0.286767659,Thirtyone,73,GV3101
Thirtyone_74,0.138870136,Thirtyone,74,GV3101
Thirtyone_75,0.211596144,Thirtyone,75,GV3101
Thirtyone_76,0.214663112,Thirtyone,76,GV3101
Thirtyone_77,0.199540896,Thirtyone,77,GV3101
Thirtyone_78,0.113777637,Thirtyone,78,GV3101
Thirtyone_79,0.279695238,Thirtyone,79,GV3101
Thirtyone_80,0.088990239,Thirtyone,80,GV3101
Thirtyone_81,0.093444886,Thirtyone,81,GV3101
Thirtyone_82,0.126422143,Thirtyone,82,GV3101
Thirtyone_83,0.306367714,Thirtyone,83,GV3101
Thirtyone_84,0.071541038,Thirtyone,84,GV3101
Thirtyone_85,0.206235628,Thirtyone,85,GV3101
Thirtyone_86,0.29697222,Thirtyone,86,GV3101
Thirtyone_87,0.267364398,Thirtyone,87,GV3101
Thirtyone_88,0.253255128,Thirtyone,88,GV3101
Thirtyone_89,0.124218386,Thirtyone,89,GV3101
Thirtyone_90,0.120053195,Thirtyone,90,GV3101
Thirtyone_91,0.233637386,Thirtyone,91,GV3101
Thirtyone_92,0.145977612,Thirtyone,92,GV3101
Thirtyone_93,0.2585304,Thirtyone,93,GV3101
Thirtyone_94,0.147935146,Thirtyone,94,GV3101
Thirtyone_95,0.22443186,Thirtyone,95,GV3101
Thirtyone_96,0.200443494,Thirtyone,96,GV3101
Thirtyone_97,0.112494507,Thirtyone,97,GV3101
Thirtyone_98,0.192582916,Thirtyone,98,GV3101
Thirtyone_99,0.18177989,Thirtyone,99,GV3101
Thirtyone_100,0.143708656,Thirtyone,100,GV3101
Thirtyone_101,0.311540467,Thirtyone,101,GV3101
Thirtyone_102,0.135623632,Thirtyone,102,GV3101
Thirtyone_103,0.416968805,Thirtyone,103,GV3101
Thirtyone_104,0.468857109,Thirtyone,104,GV3101
Thirtyone_105,0.20825908,Thirtyone,105,GV3101
Thirtyone_106,0.250104547,Thirtyone,106,GV3101
Thirtyone_107,0.262117788,Thirtyone,107,GV3101
Thirtyone_108,0.360752712,Thirtyone,108,GV3101
Thirtyone_109,0.492916848,Thirtyone,109,GV3101
Thirtyone_110,0.185766896,Thirtyone,110,GV3101
Thirtyone_111,0.080836363,Thirtyone,111,GV3101
Thirtyone_112,0.224264808,Thirtyone,112,GV3101
Thirtyone_113,0.131526558,Thirtyone,113,GV3101
Thirtyone_114,0.365512247,Thirtyone,114,GV3101
Thirtyone_115,0.467413718,Thirtyone,115,GV3101
Thirtyone_116,0.482270501,Thirtyone,116,GV3101
Thirtyone_117,0.209626046,Thirtyone,117,GV3101
Thirtyone_118,0.212501566,Thirtyone,118,GV3101
Thirtyone_119,0.239656631,Thirtyone,119,GV3101
Thirtyone_120,0.168061998,Thirtyone,120,GV3101
Thirtyone_121,0.312701986,Thirtyone,121,GV3101
Thirtyone_122,0.300945148,Thirtyone,122,GV3101
Thirtyone_123,0.148932342,Thirtyone,123,GV3101
Thirtyone_124,0.344653287,Thirtyone,124,GV3101
Thirtyone_125,0.380687174,Thirtyone,125,GV3101
Thirtyone_126,0.298445445,Thirtyone,126,GV3101
Thirtyone_127,0.521456525,Thirtyone,127,GV3101
Thirtyone_128,0.267704623,Thirtyone,128,GV3101
Thirtyone_129,0.149113771,Thirtyone,129,GV3101
Thirtyone_130,0.351635881,Thirtyone,130,GV3101
Thirtyone_131,0.262178176,Thirtyone,131,GV3101
Thirtytwo_1,0.341389128,Thirtytwo,1,GV3101
Thirtytwo_2,0.297287199,Thirtytwo,2,GV3101
Thirtytwo_3,0.132808093,Thirtytwo,3,GV3101
Thirtytwo_4,0.154575284,Thirtytwo,4,GV3101
Thirtytwo_5,0.163187159,Thirtytwo,5,GV3101
Thirtytwo_6,0.122055884,Thirtytwo,6,GV3101
Thirtytwo_7,0.196674161,Thirtytwo,7,GV3101
Thirtytwo_8,0.089541063,Thirtytwo,8,GV3101
Thirtytwo_9,0.094797111,Thirtytwo,9,GV3101
Thirtytwo_10,0.101107851,Thirtytwo,10,GV3101
Thirtytwo_11,0.09259361,Thirtytwo,11,GV3101
Thirtytwo_12,0.25162389,Thirtytwo,12,GV3101
Thirtytwo_13,0.192266775,Thirtytwo,13,GV3101
Thirtytwo_14,0.182367007,Thirtytwo,14,GV3101
Thirtytwo_15,0.126097106,Thirtytwo,15,GV3101
Thirtytwo_16,0.19441119,Thirtytwo,16,GV3101
Thirtytwo_17,0.121798955,Thirtytwo,17,GV3101
Thirtytwo_18,0.116440666,Thirtytwo,18,GV3101
Thirtytwo_19,0.269562179,Thirtytwo,19,GV3101
Thirtytwo_20,0.116947512,Thirtytwo,20,GV3101
Thirtytwo_21,0.183870864,Thirtytwo,21,GV3101
Thirtytwo_22,0.218588501,Thirtytwo,22,GV3101
Thirtytwo_23,0.169964632,Thirtytwo,23,GV3101
Thirtytwo_24,0.07497373,Thirtytwo,24,GV3101
Thirtytwo_25,0.10726905,Thirtytwo,25,GV3101
Thirtytwo_26,0.231665941,Thirtytwo,26,GV3101
Thirtytwo_27,0.189968916,Thirtytwo,27,GV3101
Thirtytwo_28,0.145046783,Thirtytwo,28,GV3101
Thirtytwo_29,0.102073613,Thirtytwo,29,GV3101
Thirtytwo_30,0.651272097,Thirtytwo,30,GV3101
Thirtytwo_31,0.199037741,Thirtytwo,31,GV3101
Thirtytwo_32,0.101550315,Thirtytwo,32,GV3101
Thirtytwo_33,0.185545536,Thirtytwo,33,GV3101
Thirtytwo_34,0.167546707,Thirtytwo,34,GV3101
Thirtytwo_35,0.207487811,Thirtytwo,35,GV3101
Thirtytwo_36,0.634173815,Thirtytwo,36,GV3101
Thirtytwo_37,0.093147375,Thirtytwo,37,GV3101
Thirtytwo_38,0.196194947,Thirtytwo,38,GV3101
Thirtytwo_39,0.07455724,Thirtytwo,39,GV3101
Thirtytwo_40,0.089531265,Thirtytwo,40,GV3101
Thirtytwo_41,0.142263175,Thirtytwo,41,GV3101
Thirtytwo_42,0.151635799,Thirtytwo,42,GV3101
Thirtytwo_43,0.218969506,Thirtytwo,43,GV3101
Thirtytwo_44,0.134400756,Thirtytwo,44,GV3101
Thirtytwo_45,0.140568591,Thirtytwo,45,GV3101
Thirtytwo_46,0.09910816,Thirtytwo,46,GV3101
Thirtytwo_47,0.169651524,Thirtytwo,47,GV3101
Thirtytwo_48,0.14961875,Thirtytwo,48,GV3101
Thirtytwo_49,0.171378977,Thirtytwo,49,GV3101
Thirtytwo_50,0.183782195,Thirtytwo,50,GV3101
Thirtytwo_51,0.18482875,Thirtytwo,51,GV3101
Thirtytwo_52,0.139475475,Thirtytwo,52,GV3101
Thirtytwo_53,0.232377982,Thirtytwo,53,GV3101
Thirtytwo_54,0.14806914,Thirtytwo,54,GV3101
Thirtytwo_55,0.131383452,Thirtytwo,55,GV3101
Thirtytwo_56,0.095803567,Thirtytwo,56,GV3101
Thirtytwo_57,0.116760726,Thirtytwo,57,GV3101
Thirtytwo_58,0.076316595,Thirtytwo,58,GV3101
Thirtytwo_59,0.147746791,Thirtytwo,59,GV3101
Thirtytwo_60,0.46068085,Thirtytwo,60,GV3101
Thirtytwo_61,0.183261928,Thirtytwo,61,GV3101
Thirtytwo_62,0.101352785,Thirtytwo,62,GV3101
Thirtytwo_63,0.160789104,Thirtytwo,63,GV3101
Thirtytwo_64,0.099495567,Thirtytwo,64,GV3101
Thirtytwo_65,0.123451171,Thirtytwo,65,GV3101
Thirtytwo_66,0.175425745,Thirtytwo,66,GV3101
Thirtytwo_67,0.170652676,Thirtytwo,67,GV3101
Thirtytwo_68,0.191617818,Thirtytwo,68,GV3101
Thirtytwo_69,0.109107744,Thirtytwo,69,GV3101
Thirtytwo_70,0.098688378,Thirtytwo,70,GV3101
Thirtytwo_71,0.239517977,Thirtytwo,71,GV3101
Thirtytwo_72,0.745320493,Thirtytwo,72,GV3101