"","Well","GFP","Plant","Leaf","Unique_plant_ID"
"1","A1",638486.212569355,"1","Top","Plant_1_2022_12_05"
"2","A2",407570.430828538,"1","Top","Plant_1_2022_12_05"
"3","A3",521491.799814151,"1","Top","Plant_1_2022_12_05"
"4","A4",642821.813804366,"1","Top","Plant_1_2022_12_05"
"5","A5",532887.172236022,"1","Bottom","Plant_1_2022_12_05"
"6","A6",528164.011578478,"1","Bottom","Plant_1_2022_12_05"
"7","A7",365775.206788047,"1","Bottom","Plant_1_2022_12_05"
"8","A8",343531.687408425,"1","Bottom","Plant_1_2022_12_05"
"9","A9",488625.916733826,"2","Top","Plant_2_2022_12_05"
"10","A10",477385.286731115,"2","Top","Plant_2_2022_12_05"
"11","A11",422792.161251457,"2","Top","Plant_2_2022_12_05"
"12","A12",425581.0416695,"2","Top","Plant_2_2022_12_05"
"13","B1",401609.330817714,"2","Bottom","Plant_2_2022_12_05"
"14","B2",633555.556395211,"2","Bottom","Plant_2_2022_12_05"
"15","B3",686234.799499712,"2","Bottom","Plant_2_2022_12_05"
"16","B4",417694.805289399,"2","Bottom","Plant_2_2022_12_05"
"17","B5",229842.432051553,"3","Top","Plant_3_2022_12_05"
"18","B6",260695.256933532,"3","Top","Plant_3_2022_12_05"
"19","B7",207707.232365343,"3","Top","Plant_3_2022_12_05"
"20","B8",207561.633816406,"3","Top","Plant_3_2022_12_05"
"21","B9",388613.077732169,"3","Bottom","Plant_3_2022_12_05"
"22","B10",336076.619678075,"3","Bottom","Plant_3_2022_12_05"
"23","B11",215034.28591257,"3","Bottom","Plant_3_2022_12_05"
"24","B12",249268.936027829,"3","Bottom","Plant_3_2022_12_05"
"25","C1",489020.509902684,"4","Top","Plant_4_2022_12_05"
"26","C2",270083.198154118,"4","Top","Plant_4_2022_12_05"
"27","C3",531228.614852479,"4","Top","Plant_4_2022_12_05"
"28","C4",314605.405644988,"4","Top","Plant_4_2022_12_05"
"29","C5",375709.670098121,"4","Bottom","Plant_4_2022_12_05"
"30","C6",464299.705067237,"4","Bottom","Plant_4_2022_12_05"
"31","C7",616345.385886085,"4","Bottom","Plant_4_2022_12_05"
"32","C8",625419.622020556,"4","Bottom","Plant_4_2022_12_05"
"33","C9",640272.784136021,"5","Top","Plant_5_2022_12_05"
"34","C10",684958.174541642,"5","Top","Plant_5_2022_12_05"
"35","C11",737247.04472508,"5","Top","Plant_5_2022_12_05"
"36","C12",624701.476520727,"5","Top","Plant_5_2022_12_05"
"37","D1",376868.128117923,"5","Bottom","Plant_5_2022_12_05"
"38","D2",457339.813078198,"5","Bottom","Plant_5_2022_12_05"
"39","D3",476704.420086811,"5","Bottom","Plant_5_2022_12_05"
"40","D4",310784.674641001,"5","Bottom","Plant_5_2022_12_05"
"41","D5",397329.999553307,"6","Top","Plant_6_2022_12_05"
"42","D6",410065.300650177,"6","Top","Plant_6_2022_12_05"
"43","D7",449617.46298748,"6","Top","Plant_6_2022_12_05"
"44","D8",428368.515338278,"6","Top","Plant_6_2022_12_05"
"45","D9",660914.016102704,"6","Bottom","Plant_6_2022_12_05"
"46","D10",820207.972509934,"6","Bottom","Plant_6_2022_12_05"
"47","D11",487191.032483433,"6","Bottom","Plant_6_2022_12_05"
"48","D12",384657.298798733,"6","Bottom","Plant_6_2022_12_05"
"49","E1",517543.758001672,"7","Top","Plant_7_2022_12_05"
"50","E2",501712.905146969,"7","Top","Plant_7_2022_12_05"
"51","E3",393573.979015513,"7","Top","Plant_7_2022_12_05"
"52","E4",451370.975946416,"7","Top","Plant_7_2022_12_05"
"53","E5",405596.761609615,"7","Bottom","Plant_7_2022_12_05"
"54","E6",318446.53451332,"7","Bottom","Plant_7_2022_12_05"
"55","E7",400038.69526324,"7","Bottom","Plant_7_2022_12_05"
"56","E8",419753.58283886,"7","Bottom","Plant_7_2022_12_05"
"57","E9",120082.22739208,"8","Top","Plant_8_2022_12_05"
"58","E10",446993.875608085,"8","Top","Plant_8_2022_12_05"
"59","E11",305075.382748628,"8","Top","Plant_8_2022_12_05"
"60","E12",379678.813149575,"8","Top","Plant_8_2022_12_05"
"61","F1",496382.028806906,"8","Bottom","Plant_8_2022_12_05"
"62","F2",503013.444842546,"8","Bottom","Plant_8_2022_12_05"
"63","F3",557202.12990849,"8","Bottom","Plant_8_2022_12_05"
"64","F4",505318.403513398,"8","Bottom","Plant_8_2022_12_05"
"65","A1",581066.927816129,"1","Top","Plant_1_2023_01_09"
"66","A2",647110.992313629,"1","Top","Plant_1_2023_01_09"
"67","A3",555089.895886956,"1","Top","Plant_1_2023_01_09"
"68","A4",464402.397763589,"1","Top","Plant_1_2023_01_09"
"69","A5",530506.249104855,"1","Bottom","Plant_1_2023_01_09"
"70","A6",491061.703086331,"1","Bottom","Plant_1_2023_01_09"
"71","A7",514811.850928865,"1","Bottom","Plant_1_2023_01_09"
"72","A8",553946.912109069,"1","Bottom","Plant_1_2023_01_09"
"73","A9",423887.31555433,"2","Top","Plant_2_2023_01_09"
"74","A10",380788.0349451,"2","Top","Plant_2_2023_01_09"
"75","A11",402253.621981126,"2","Top","Plant_2_2023_01_09"
"76","A12",431080.024546742,"2","Top","Plant_2_2023_01_09"
"77","B1",548162.359131014,"2","Bottom","Plant_2_2023_01_09"
"78","B2",451413.178424369,"2","Bottom","Plant_2_2023_01_09"
"79","B3",538441.018334602,"2","Bottom","Plant_2_2023_01_09"
"80","B4",453544.403560982,"2","Bottom","Plant_2_2023_01_09"
"81","B5",531721.680469894,"3","Top","Plant_3_2023_01_09"
"82","B6",701303.194252736,"3","Top","Plant_3_2023_01_09"
"83","B7",454558.669781113,"3","Top","Plant_3_2023_01_09"
"84","B8",514743.623589508,"3","Top","Plant_3_2023_01_09"
"85","B9",704012.593337302,"3","Bottom","Plant_3_2023_01_09"
"86","B10",565732.657452003,"3","Bottom","Plant_3_2023_01_09"
"87","B11",626137.064145752,"3","Bottom","Plant_3_2023_01_09"
"88","B12",631215.428992731,"3","Bottom","Plant_3_2023_01_09"
"89","C1",485235.651004956,"4","Top","Plant_4_2023_01_09"
"90","C2",345381.56269202,"4","Top","Plant_4_2023_01_09"
"91","C3",380243.62297951,"4","Top","Plant_4_2023_01_09"
"92","C4",344885.683576076,"4","Top","Plant_4_2023_01_09"
"93","C5",540726.282515742,"4","Bottom","Plant_4_2023_01_09"
"94","C6",117662.618656123,"4","Bottom","Plant_4_2023_01_09"
"95","C7",617600.206230547,"4","Bottom","Plant_4_2023_01_09"
"96","C8",462615.826196923,"4","Bottom","Plant_4_2023_01_09"
"97","C9",442115.972531382,"5","Top","Plant_5_2023_01_09"
"98","C10",379342.600075219,"5","Top","Plant_5_2023_01_09"
"99","C11",391724.103731919,"5","Top","Plant_5_2023_01_09"
"100","C12",564143.734157082,"5","Top","Plant_5_2023_01_09"
"101","D1",484894.514308172,"5","Bottom","Plant_5_2023_01_09"
"102","D2",492723.777343036,"5","Bottom","Plant_5_2023_01_09"
"103","D3",434863.476695204,"5","Bottom","Plant_5_2023_01_09"
"104","D4",438449.983946554,"5","Bottom","Plant_5_2023_01_09"
"105","D5",544410.558841016,"6","Top","Plant_6_2023_01_09"
"106","D6",629469.653154753,"6","Top","Plant_6_2023_01_09"
"107","D7",630032.35286079,"6","Top","Plant_6_2023_01_09"
"108","D8",716659.269230471,"6","Top","Plant_6_2023_01_09"
"109","D9",551041.271502023,"6","Bottom","Plant_6_2023_01_09"
"110","D10",546514.35236696,"6","Bottom","Plant_6_2023_01_09"
"111","D11",554917.569101982,"6","Bottom","Plant_6_2023_01_09"
"112","D12",484811.516101531,"6","Bottom","Plant_6_2023_01_09"
"113","E1",361514.866638718,"7","Top","Plant_7_2023_01_09"
"114","E2",446708.305507272,"7","Top","Plant_7_2023_01_09"
"115","E3",433207.029435559,"7","Top","Plant_7_2023_01_09"
"116","E4",520931.913606644,"7","Top","Plant_7_2023_01_09"
"117","E5",467056.230252183,"7","Bottom","Plant_7_2023_01_09"
"118","E6",374894.458899,"7","Bottom","Plant_7_2023_01_09"
"119","E7",499320.728021681,"7","Bottom","Plant_7_2023_01_09"
"120","E8",519127.054299532,"7","Bottom","Plant_7_2023_01_09"
"121","E9",373545.386353778,"8","Top","Plant_8_2023_01_09"
"122","E10",375956.554594144,"8","Top","Plant_8_2023_01_09"
"123","E11",401248.499631218,"8","Top","Plant_8_2023_01_09"
"124","E12",554209.974221641,"8","Top","Plant_8_2023_01_09"
"125","F1",407473.365129247,"8","Bottom","Plant_8_2023_01_09"
"126","F2",451859.117941403,"8","Bottom","Plant_8_2023_01_09"
"127","F3",435445.167516319,"8","Bottom","Plant_8_2023_01_09"
"128","F4",435827.099941792,"8","Bottom","Plant_8_2023_01_09"
"129","A1",349131.956232753,"1","Top","Plant_1_2023_02_06"
"130","A2",294089.374362899,"1","Top","Plant_1_2023_02_06"
"131","A3",442429.677617497,"1","Top","Plant_1_2023_02_06"
"132","A4",332097.629381764,"1","Top","Plant_1_2023_02_06"
"133","A5",529243.691639436,"1","Bottom","Plant_1_2023_02_06"
"134","A6",512516.739502869,"1","Bottom","Plant_1_2023_02_06"
"135","A7",441584.221309177,"1","Bottom","Plant_1_2023_02_06"
"136","A8",377266.941534577,"1","Bottom","Plant_1_2023_02_06"
"137","A9",441717.862489361,"2","Top","Plant_2_2023_02_06"
"138","A10",502128.599554803,"2","Top","Plant_2_2023_02_06"
"139","A11",419087.487061839,"2","Top","Plant_2_2023_02_06"
"140","A12",519899.359646068,"2","Top","Plant_2_2023_02_06"
"141","B1",301495.205868971,"2","Bottom","Plant_2_2023_02_06"
"142","B2",340717.485503611,"2","Bottom","Plant_2_2023_02_06"
"143","B3",344493.200531115,"2","Bottom","Plant_2_2023_02_06"
"144","B4",311899.523433585,"2","Bottom","Plant_2_2023_02_06"
"145","B5",366841.522730986,"3","Top","Plant_3_2023_02_06"
"146","B6",428732.160023304,"3","Top","Plant_3_2023_02_06"
"147","B7",444434.295320252,"3","Top","Plant_3_2023_02_06"
"148","B8",408948.341733695,"3","Top","Plant_3_2023_02_06"
"149","B9",327261.928783014,"3","Bottom","Plant_3_2023_02_06"
"150","B10",342003.254331904,"3","Bottom","Plant_3_2023_02_06"
"151","B11",323715.513885719,"3","Bottom","Plant_3_2023_02_06"
"152","B12",268388.065289683,"3","Bottom","Plant_3_2023_02_06"
"153","C1",400754.027264539,"4","Top","Plant_4_2023_02_06"
"154","C2",331492.727197775,"4","Top","Plant_4_2023_02_06"
"155","C3",627302.55591188,"4","Top","Plant_4_2023_02_06"
"156","C4",288216.196181143,"4","Top","Plant_4_2023_02_06"
"157","C5",546143.673935608,"4","Bottom","Plant_4_2023_02_06"
"158","C6",539983.518903774,"4","Bottom","Plant_4_2023_02_06"
"159","C7",485005.647500114,"4","Bottom","Plant_4_2023_02_06"
"160","C8",515411.126115794,"4","Bottom","Plant_4_2023_02_06"
"161","C9",276035.154294719,"5","Top","Plant_5_2023_02_06"
"162","C10",267539.092108201,"5","Top","Plant_5_2023_02_06"
"163","C11",251979.74186166,"5","Top","Plant_5_2023_02_06"
"164","C12",391763.492711341,"5","Top","Plant_5_2023_02_06"
"165","D1",448187.502359515,"5","Bottom","Plant_5_2023_02_06"
"166","D2",504272.485434802,"5","Bottom","Plant_5_2023_02_06"
"167","D3",486703.593863079,"5","Bottom","Plant_5_2023_02_06"
"168","D4",503568.407427624,"5","Bottom","Plant_5_2023_02_06"
"169","D5",328606.077705808,"6","Top","Plant_6_2023_02_06"
"170","D6",343127.950369344,"6","Top","Plant_6_2023_02_06"
"171","D7",304073.073897251,"6","Top","Plant_6_2023_02_06"
"172","D8",412387.843686843,"6","Top","Plant_6_2023_02_06"
"173","D9",311755.331633914,"6","Bottom","Plant_6_2023_02_06"
"174","D10",308053.470942826,"6","Bottom","Plant_6_2023_02_06"
"175","D11",296244.514237018,"6","Bottom","Plant_6_2023_02_06"
"176","D12",364933.970727522,"6","Bottom","Plant_6_2023_02_06"
"177","E1",306957.61326532,"7","Top","Plant_7_2023_02_06"
"178","E2",423849.333324173,"7","Top","Plant_7_2023_02_06"
"179","E3",406635.645941885,"7","Top","Plant_7_2023_02_06"
"180","E4",388551.180764505,"7","Top","Plant_7_2023_02_06"
"181","E5",445708.106779792,"7","Bottom","Plant_7_2023_02_06"
"182","E6",328556.84148153,"7","Bottom","Plant_7_2023_02_06"
"183","E7",271219.851560312,"7","Bottom","Plant_7_2023_02_06"
"184","E8",274622.074657935,"7","Bottom","Plant_7_2023_02_06"
"185","E9",756116.475992381,"8","Top","Plant_8_2023_02_06"
"186","E10",588616.951121873,"8","Top","Plant_8_2023_02_06"
"187","E11",343130.060493242,"8","Top","Plant_8_2023_02_06"
"188","E12",566509.886420966,"8","Top","Plant_8_2023_02_06"
"189","F1",525427.180883243,"8","Bottom","Plant_8_2023_02_06"
"190","F2",396798.951705735,"8","Bottom","Plant_8_2023_02_06"
"191","F3",372788.555249159,"8","Bottom","Plant_8_2023_02_06"
"192","F4",345940.745524894,"8","Bottom","Plant_8_2023_02_06"
"193","A1",680502.296244466,"1","Top","Plant_1_2023_05_30"
"194","A2",967716.886948864,"1","Top","Plant_1_2023_05_30"
"195","A3",1080398.90983193,"1","Top","Plant_1_2023_05_30"
"196","A4",734967.407541,"1","Top","Plant_1_2023_05_30"
"197","A5",957510.217655995,"1","Bottom","Plant_1_2023_05_30"
"198","A6",772943.307326769,"1","Bottom","Plant_1_2023_05_30"
"199","A7",889887.780483062,"1","Bottom","Plant_1_2023_05_30"
"200","A8",879079.022504735,"1","Bottom","Plant_1_2023_05_30"
"201","A9",726201.952870217,"2","Top","Plant_2_2023_05_30"
"202","A10",897131.132449017,"2","Top","Plant_2_2023_05_30"
"203","A11",727424.417981581,"2","Top","Plant_2_2023_05_30"
"204","A12",954655.220022492,"2","Top","Plant_2_2023_05_30"
"205","B1",762963.828040212,"2","Bottom","Plant_2_2023_05_30"
"206","B2",574180.186788875,"2","Bottom","Plant_2_2023_05_30"
"207","B3",647078.637080532,"2","Bottom","Plant_2_2023_05_30"
"208","B4",555534.428654724,"2","Bottom","Plant_2_2023_05_30"
"209","B5",684535.446387482,"3","Top","Plant_3_2023_05_30"
"210","B6",724794.500230493,"3","Top","Plant_3_2023_05_30"
"211","B7",970084.445962012,"3","Top","Plant_3_2023_05_30"
"212","B8",794263.999188491,"3","Top","Plant_3_2023_05_30"
"213","B9",664202.292509854,"3","Bottom","Plant_3_2023_05_30"
"214","B10",716810.494776469,"3","Bottom","Plant_3_2023_05_30"
"215","B11",769527.720111127,"3","Bottom","Plant_3_2023_05_30"
"216","B12",603316.777567444,"3","Bottom","Plant_3_2023_05_30"
"217","C1",1002231.48016788,"4","Top","Plant_4_2023_05_30"
"218","C2",955604.072401796,"4","Top","Plant_4_2023_05_30"
"219","C3",665643.50713194,"4","Top","Plant_4_2023_05_30"
"220","C4",678519.48315532,"4","Top","Plant_4_2023_05_30"
"221","C5",774497.765264695,"4","Bottom","Plant_4_2023_05_30"
"222","C6",634296.913257914,"4","Bottom","Plant_4_2023_05_30"
"223","C7",577307.390405173,"4","Bottom","Plant_4_2023_05_30"
"224","C8",863272.78776217,"4","Bottom","Plant_4_2023_05_30"
"225","C9",566969.89343065,"5","Top","Plant_5_2023_05_30"
"226","C10",686610.401553491,"5","Top","Plant_5_2023_05_30"
"227","C11",733851.855373783,"5","Top","Plant_5_2023_05_30"
"228","C12",667403.350462569,"5","Top","Plant_5_2023_05_30"
"229","D1",502025.203483819,"5","Bottom","Plant_5_2023_05_30"
"230","D2",691492.52487799,"5","Bottom","Plant_5_2023_05_30"
"231","D3",453467.735726035,"5","Bottom","Plant_5_2023_05_30"
"232","D4",506601.358843161,"5","Bottom","Plant_5_2023_05_30"
"233","D5",773646.681959314,"6","Top","Plant_6_2023_05_30"
"234","D6",922368.214264752,"6","Top","Plant_6_2023_05_30"
"235","D7",890161.393215123,"6","Top","Plant_6_2023_05_30"
"236","D8",678620.065727774,"6","Top","Plant_6_2023_05_30"
"237","D9",718826.366473344,"6","Bottom","Plant_6_2023_05_30"
"238","D10",591164.574040954,"6","Bottom","Plant_6_2023_05_30"
"239","D11",500562.184248124,"6","Bottom","Plant_6_2023_05_30"
"240","D12",763269.092630737,"6","Bottom","Plant_6_2023_05_30"
"241","E1",271726.281295744,"7","Top","Plant_7_2023_05_30"
"242","E2",655448.795207824,"7","Top","Plant_7_2023_05_30"
"243","E3",552516.248106471,"7","Top","Plant_7_2023_05_30"
"244","E4",633255.918801746,"7","Top","Plant_7_2023_05_30"
"245","E5",586307.068828594,"7","Bottom","Plant_7_2023_05_30"
"246","E6",468658.517665122,"7","Bottom","Plant_7_2023_05_30"
"247","E7",528306.093254252,"7","Bottom","Plant_7_2023_05_30"
"248","E8",667558.796256362,"7","Bottom","Plant_7_2023_05_30"
"249","E9",671575.76878283,"8","Top","Plant_8_2023_05_30"
"250","E10",673918.709683839,"8","Top","Plant_8_2023_05_30"
"251","E11",626165.902505687,"8","Top","Plant_8_2023_05_30"
"252","E12",409059.474925637,"8","Top","Plant_8_2023_05_30"
"253","F1",682331.070289084,"8","Bottom","Plant_8_2023_05_30"
"254","F2",627686.59846125,"8","Bottom","Plant_8_2023_05_30"
"255","F3",520845.398526841,"8","Bottom","Plant_8_2023_05_30"
"256","F4",544099.667253431,"8","Bottom","Plant_8_2023_05_30"
"257","A1",813641.266940489,"1","Top","Plant_1_2023_07_03"
"258","A2",618859.246822803,"1","Top","Plant_1_2023_07_03"
"259","A3",768531.741631443,"1","Top","Plant_1_2023_07_03"
"260","A4",779819.497734534,"1","Top","Plant_1_2023_07_03"
"261","A5",598449.425110228,"1","Bottom","Plant_1_2023_07_03"
"262","A6",368480.385624817,"1","Bottom","Plant_1_2023_07_03"
"263","A7",605941.771696104,"1","Bottom","Plant_1_2023_07_03"
"264","A8",587054.052688357,"1","Bottom","Plant_1_2023_07_03"
"265","A9",674507.43425128,"2","Top","Plant_2_2023_07_03"
"266","A10",751143.617340284,"2","Top","Plant_2_2023_07_03"
"267","A11",733125.269378363,"2","Top","Plant_2_2023_07_03"
"268","A12",548453.556228888,"2","Top","Plant_2_2023_07_03"
"269","B1",637906.631872138,"2","Bottom","Plant_2_2023_07_03"
"270","B2",562072.295864236,"2","Bottom","Plant_2_2023_07_03"
"271","B3",531578.895419487,"2","Bottom","Plant_2_2023_07_03"
"272","B4",596318.903348248,"2","Bottom","Plant_2_2023_07_03"
"273","B5",594068.807898734,"3","Top","Plant_3_2023_07_03"
"274","B6",346017.413359842,"3","Top","Plant_3_2023_07_03"
"275","B7",575946.360491197,"3","Top","Plant_3_2023_07_03"
"276","B8",536245.786106427,"3","Top","Plant_3_2023_07_03"
"277","B9",490130.435072841,"3","Bottom","Plant_3_2023_07_03"
"278","B10",423348.5305858,"3","Bottom","Plant_3_2023_07_03"
"279","B11",512458.359408368,"3","Bottom","Plant_3_2023_07_03"
"280","B12",476179.702610932,"3","Bottom","Plant_3_2023_07_03"
"281","C1",763640.474436721,"4","Top","Plant_4_2023_07_03"
"282","C2",988984.122338512,"4","Top","Plant_4_2023_07_03"
"283","C3",967033.20680603,"4","Top","Plant_4_2023_07_03"
"284","C4",899758.236701575,"4","Top","Plant_4_2023_07_03"
"285","C5",487939.423092461,"4","Bottom","Plant_4_2023_07_03"
"286","C6",440422.246416212,"4","Bottom","Plant_4_2023_07_03"
"287","C7",461414.462324535,"4","Bottom","Plant_4_2023_07_03"
"288","C8",385022.350233024,"4","Bottom","Plant_4_2023_07_03"
"289","C9",797579.70720631,"5","Top","Plant_5_2023_07_03"
"290","C10",625707.302245267,"5","Top","Plant_5_2023_07_03"
"291","C11",632941.510340998,"5","Top","Plant_5_2023_07_03"
"292","C12",566086.454892173,"5","Top","Plant_5_2023_07_03"
"293","D1",719624.696681283,"5","Bottom","Plant_5_2023_07_03"
"294","D2",464894.056631738,"5","Bottom","Plant_5_2023_07_03"
"295","D3",669906.660779799,"5","Bottom","Plant_5_2023_07_03"
"296","D4",486172.546015507,"5","Bottom","Plant_5_2023_07_03"
"297","D5",721331.083539839,"6","Top","Plant_6_2023_07_03"
"298","D6",489890.584323143,"6","Top","Plant_6_2023_07_03"
"299","D7",577453.692328742,"6","Top","Plant_6_2023_07_03"
"300","D8",452893.078651245,"6","Top","Plant_6_2023_07_03"
"301","D9",370315.490041129,"6","Bottom","Plant_6_2023_07_03"
"302","D10",462462.490527028,"6","Bottom","Plant_6_2023_07_03"
"303","D11",418361.604441052,"6","Bottom","Plant_6_2023_07_03"
"304","D12",379001.463378434,"6","Bottom","Plant_6_2023_07_03"
"305","E1",778759.512163288,"7","Top","Plant_7_2023_07_03"
"306","E2",702867.499435517,"7","Top","Plant_7_2023_07_03"
"307","E3",446722.372999923,"7","Top","Plant_7_2023_07_03"
"308","E4",638761.935425313,"7","Top","Plant_7_2023_07_03"
"309","E5",372877.18045286,"7","Bottom","Plant_7_2023_07_03"
"310","E6",433707.832173932,"7","Bottom","Plant_7_2023_07_03"
"311","E7",516255.175674849,"7","Bottom","Plant_7_2023_07_03"
"312","E8",421687.86307836,"7","Bottom","Plant_7_2023_07_03"
"313","E9",727496.162194101,"8","Top","Plant_8_2023_07_03"
"314","E10",516670.870082683,"8","Top","Plant_8_2023_07_03"
"315","E11",574193.550906894,"8","Top","Plant_8_2023_07_03"
"316","E12",600091.101502589,"8","Top","Plant_8_2023_07_03"
"317","F1",523933.916538349,"8","Bottom","Plant_8_2023_07_03"
"318","F2",570162.510887775,"8","Bottom","Plant_8_2023_07_03"
"319","F3",395913.40304336,"8","Bottom","Plant_8_2023_07_03"
"320","F4",650553.307765307,"8","Bottom","Plant_8_2023_07_03"
"321","A1",577436,"1","Top","Plant_1_2022_05_30"
"322","A2",596205,"1","Top","Plant_1_2022_05_30"
"323","A3",446297,"1","Top","Plant_1_2022_05_30"
"324","A4",516985,"1","Top","Plant_1_2022_05_30"
"325","A5",313663,"1","Bottom","Plant_1_2022_05_30"
"326","A6",341408,"1","Bottom","Plant_1_2022_05_30"
"327","A7",405527,"1","Bottom","Plant_1_2022_05_30"
"328","A8",304304,"1","Bottom","Plant_1_2022_05_30"
"329","A9",219128,"2","Top","Plant_2_2022_05_30"
"330","A10",296402,"2","Top","Plant_2_2022_05_30"
"331","A11",314114,"2","Top","Plant_2_2022_05_30"
"332","A12",275208,"2","Top","Plant_2_2022_05_30"
"333","B1",194209,"2","Bottom","Plant_2_2022_05_30"
"334","B2",317213,"2","Bottom","Plant_2_2022_05_30"
"335","B3",303460,"2","Bottom","Plant_2_2022_05_30"
"336","B4",331432,"2","Bottom","Plant_2_2022_05_30"
"337","B5",621106,"3","Top","Plant_3_2022_05_30"
"338","B6",535491,"3","Top","Plant_3_2022_05_30"
"339","B7",689828,"3","Top","Plant_3_2022_05_30"
"340","B8",563642,"3","Top","Plant_3_2022_05_30"
"341","B9",265515,"3","Bottom","Plant_3_2022_05_30"
"342","B10",200112,"3","Bottom","Plant_3_2022_05_30"
"343","B11",302840,"3","Bottom","Plant_3_2022_05_30"
"344","B12",294253,"3","Bottom","Plant_3_2022_05_30"
"345","C1",276477,"4","Top","Plant_4_2022_05_30"
"346","C2",328927,"4","Top","Plant_4_2022_05_30"
"347","C3",369825,"4","Top","Plant_4_2022_05_30"
"348","C4",237105,"4","Top","Plant_4_2022_05_30"
"349","C5",103009,"4","Bottom","Plant_4_2022_05_30"
"350","C6",143617,"4","Bottom","Plant_4_2022_05_30"
"351","C7",327748,"4","Bottom","Plant_4_2022_05_30"
"352","C8",213676,"4","Bottom","Plant_4_2022_05_30"
"353","C9",459717,"5","Top","Plant_5_2022_05_30"
"354","C10",431668,"5","Top","Plant_5_2022_05_30"
"355","C11",338922,"5","Top","Plant_5_2022_05_30"
"356","C12",344606,"5","Top","Plant_5_2022_05_30"
"357","D1",319466,"5","Bottom","Plant_5_2022_05_30"
"358","D2",459202,"5","Bottom","Plant_5_2022_05_30"
"359","D3",396293,"5","Bottom","Plant_5_2022_05_30"
"360","D4",516086,"5","Bottom","Plant_5_2022_05_30"
"361","D5",640362,"6","Top","Plant_6_2022_05_30"
"362","D6",753287,"6","Top","Plant_6_2022_05_30"
"363","D7",546045,"6","Top","Plant_6_2022_05_30"
"364","D8",557913,"6","Top","Plant_6_2022_05_30"
"365","D9",407279,"6","Bottom","Plant_6_2022_05_30"
"366","D10",550843,"6","Bottom","Plant_6_2022_05_30"
"367","D11",425436,"6","Bottom","Plant_6_2022_05_30"
"368","D12",349461,"6","Bottom","Plant_6_2022_05_30"
"369","E1",545718,"7","Top","Plant_7_2022_05_30"
"370","E2",699713,"7","Top","Plant_7_2022_05_30"
"371","E3",583924,"7","Top","Plant_7_2022_05_30"
"372","E4",518827,"7","Top","Plant_7_2022_05_30"
"373","E5",390448,"7","Bottom","Plant_7_2022_05_30"
"374","E6",354982,"7","Bottom","Plant_7_2022_05_30"
"375","E7",375244,"7","Bottom","Plant_7_2022_05_30"
"376","E8",447308,"7","Bottom","Plant_7_2022_05_30"
"377","E9",398152,"8","Top","Plant_8_2022_05_30"
"378","E10",555381,"8","Top","Plant_8_2022_05_30"
"379","E11",536163,"8","Top","Plant_8_2022_05_30"
"380","E12",302551,"8","Top","Plant_8_2022_05_30"
"381","F1",424947,"8","Bottom","Plant_8_2022_05_30"
"382","F2",403985,"8","Bottom","Plant_8_2022_05_30"
"383","F3",387932,"8","Bottom","Plant_8_2022_05_30"
"384","F4",488453,"8","Bottom","Plant_8_2022_05_30"
"385","A1",442081,"1","Top","Plant_1_2022_08_08"
"386","A2",534247,"1","Top","Plant_1_2022_08_08"
"387","A3",369060,"1","Top","Plant_1_2022_08_08"
"388","A4",455186,"1","Top","Plant_1_2022_08_08"
"389","A5",68986,"1","Bottom","Plant_1_2022_08_08"
"390","A6",86914,"1","Bottom","Plant_1_2022_08_08"
"391","A7",163302,"1","Bottom","Plant_1_2022_08_08"
"392","A8",228049,"1","Bottom","Plant_1_2022_08_08"
"393","A9",182469,"2","Top","Plant_2_2022_08_08"
"394","A10",376875,"2","Top","Plant_2_2022_08_08"
"395","A11",88236,"2","Top","Plant_2_2022_08_08"
"396","A12",581379,"2","Top","Plant_2_2022_08_08"
"397","B1",213395,"2","Bottom","Plant_2_2022_08_08"
"398","B2",331123,"2","Bottom","Plant_2_2022_08_08"
"399","B3",445593,"2","Bottom","Plant_2_2022_08_08"
"400","B4",106610,"2","Bottom","Plant_2_2022_08_08"
"401","B5",416380,"3","Top","Plant_3_2022_08_08"
"402","B6",387344,"3","Top","Plant_3_2022_08_08"
"403","B7",498554,"3","Top","Plant_3_2022_08_08"
"404","B8",281822,"3","Top","Plant_3_2022_08_08"
"405","B9",265281,"3","Bottom","Plant_3_2022_08_08"
"406","B10",346763,"3","Bottom","Plant_3_2022_08_08"
"407","B11",395493,"3","Bottom","Plant_3_2022_08_08"
"408","B12",508631,"3","Bottom","Plant_3_2022_08_08"
"409","C1",414963,"4","Top","Plant_4_2022_08_08"
"410","C2",539342,"4","Top","Plant_4_2022_08_08"
"411","C3",563657,"4","Top","Plant_4_2022_08_08"
"412","C4",528137,"4","Top","Plant_4_2022_08_08"
"413","C5",340181,"4","Bottom","Plant_4_2022_08_08"
"414","C6",294997,"4","Bottom","Plant_4_2022_08_08"
"415","C7",121332,"4","Bottom","Plant_4_2022_08_08"
"416","C8",281007,"4","Bottom","Plant_4_2022_08_08"
"417","C9",80538,"5","Top","Plant_5_2022_08_08"
"418","C10",254319,"5","Top","Plant_5_2022_08_08"
"419","C11",612151,"5","Top","Plant_5_2022_08_08"
"420","C12",339715,"5","Top","Plant_5_2022_08_08"
"421","D1",375677,"5","Bottom","Plant_5_2022_08_08"
"422","D2",368534,"5","Bottom","Plant_5_2022_08_08"
"423","D3",244926,"5","Bottom","Plant_5_2022_08_08"
"424","D4",157530,"5","Bottom","Plant_5_2022_08_08"
"425","D5",279825,"6","Top","Plant_6_2022_08_08"
"426","D6",320838,"6","Top","Plant_6_2022_08_08"
"427","D7",271829,"6","Top","Plant_6_2022_08_08"
"428","D8",280878,"6","Top","Plant_6_2022_08_08"
"429","D9",379625,"6","Bottom","Plant_6_2022_08_08"
"430","D10",423557,"6","Bottom","Plant_6_2022_08_08"
"431","D11",254351,"6","Bottom","Plant_6_2022_08_08"
"432","D12",346098,"6","Bottom","Plant_6_2022_08_08"
"433","E1",166379,"7","Top","Plant_7_2022_08_08"
"434","E2",401787,"7","Top","Plant_7_2022_08_08"
"435","E3",549537,"7","Top","Plant_7_2022_08_08"
"436","E4",366669,"7","Top","Plant_7_2022_08_08"
"437","E5",88122,"7","Bottom","Plant_7_2022_08_08"
"438","E6",279649,"7","Bottom","Plant_7_2022_08_08"
"439","E7",23264,"7","Bottom","Plant_7_2022_08_08"
"440","E8",255828,"7","Bottom","Plant_7_2022_08_08"
"441","E9",426722,"8","Top","Plant_8_2022_08_08"
"442","E10",421724,"8","Top","Plant_8_2022_08_08"
"443","E11",393934,"8","Top","Plant_8_2022_08_08"
"444","E12",404106,"8","Top","Plant_8_2022_08_08"
"445","F1",111827,"8","Bottom","Plant_8_2022_08_08"
"446","F2",134764,"8","Bottom","Plant_8_2022_08_08"
"447","F3",372791,"8","Bottom","Plant_8_2022_08_08"
"448","F4",231875,"8","Bottom","Plant_8_2022_08_08"
"449","A1",651387,"1","Top","Plant_1_2022_06_06"
"450","A2",1121389,"1","Top","Plant_1_2022_06_06"
"451","A3",688325,"1","Top","Plant_1_2022_06_06"
"452","A4",673891,"1","Top","Plant_1_2022_06_06"
"453","A5",294197,"1","Bottom","Plant_1_2022_06_06"
"454","A6",412545,"1","Bottom","Plant_1_2022_06_06"
"455","A7",414522,"1","Bottom","Plant_1_2022_06_06"
"456","A8",475514,"1","Bottom","Plant_1_2022_06_06"
"457","A9",517889,"2","Top","Plant_2_2022_06_06"
"458","A10",381892,"2","Top","Plant_2_2022_06_06"
"459","A11",565949,"2","Top","Plant_2_2022_06_06"
"460","A12",579217,"2","Top","Plant_2_2022_06_06"
"461","B1",208113,"2","Bottom","Plant_2_2022_06_06"
"462","B2",138084,"2","Bottom","Plant_2_2022_06_06"
"463","B3",295204,"2","Bottom","Plant_2_2022_06_06"
"464","B4",181693,"2","Bottom","Plant_2_2022_06_06"
"465","B5",553133,"3","Top","Plant_3_2022_06_06"
"466","B6",479524,"3","Top","Plant_3_2022_06_06"
"467","B7",478585,"3","Top","Plant_3_2022_06_06"
"468","B8",456231,"3","Top","Plant_3_2022_06_06"
"469","B9",388909,"3","Bottom","Plant_3_2022_06_06"
"470","B10",345044,"3","Bottom","Plant_3_2022_06_06"
"471","B11",312218,"3","Bottom","Plant_3_2022_06_06"
"472","B12",330591,"3","Bottom","Plant_3_2022_06_06"
"473","C1",488651,"4","Top","Plant_4_2022_06_06"
"474","C2",485382,"4","Top","Plant_4_2022_06_06"
"475","C3",448550,"4","Top","Plant_4_2022_06_06"
"476","C4",458536,"4","Top","Plant_4_2022_06_06"
"477","C5",106777,"4","Bottom","Plant_4_2022_06_06"
"478","C6",197873,"4","Bottom","Plant_4_2022_06_06"
"479","C7",334474,"4","Bottom","Plant_4_2022_06_06"
"480","C8",244748,"4","Bottom","Plant_4_2022_06_06"
"481","C9",334640,"5","Top","Plant_5_2022_06_06"
"482","C10",393255,"5","Top","Plant_5_2022_06_06"
"483","C11",377224,"5","Top","Plant_5_2022_06_06"
"484","C12",342323,"5","Top","Plant_5_2022_06_06"
"485","D1",65671,"5","Bottom","Plant_5_2022_06_06"
"486","D2",166742,"5","Bottom","Plant_5_2022_06_06"
"487","D3",158807,"5","Bottom","Plant_5_2022_06_06"
"488","D4",86517,"5","Bottom","Plant_5_2022_06_06"
"489","A1",376940,"1","Top","Plant_1_2022_06_13"
"490","A2",268784,"1","Top","Plant_1_2022_06_13"
"491","A3",400582,"1","Top","Plant_1_2022_06_13"
"492","A4",307829,"1","Top","Plant_1_2022_06_13"
"493","A5",570118,"1","Bottom","Plant_1_2022_06_13"
"494","A6",415447,"1","Bottom","Plant_1_2022_06_13"
"495","A7",468338,"1","Bottom","Plant_1_2022_06_13"
"496","A8",421321,"1","Bottom","Plant_1_2022_06_13"
"497","A9",448837,"2","Top","Plant_2_2022_06_13"
"498","A10",449269,"2","Top","Plant_2_2022_06_13"
"499","A11",467783,"2","Top","Plant_2_2022_06_13"
"500","A12",487377,"2","Top","Plant_2_2022_06_13"
"501","B1",182113,"2","Bottom","Plant_2_2022_06_13"
"502","B2",288587,"2","Bottom","Plant_2_2022_06_13"
"503","B3",197957,"2","Bottom","Plant_2_2022_06_13"
"504","B4",131386,"2","Bottom","Plant_2_2022_06_13"
"505","B5",489152,"3","Top","Plant_3_2022_06_13"
"506","B6",453507,"3","Top","Plant_3_2022_06_13"
"507","B7",491032,"3","Top","Plant_3_2022_06_13"
"508","B8",281714,"3","Top","Plant_3_2022_06_13"
"509","B9",512635,"3","Bottom","Plant_3_2022_06_13"
"510","B10",508276,"3","Bottom","Plant_3_2022_06_13"
"511","B11",607716,"3","Bottom","Plant_3_2022_06_13"
"512","B12",637861,"3","Bottom","Plant_3_2022_06_13"
"513","C1",474585,"4","Top","Plant_4_2022_06_13"
"514","C2",649278,"4","Top","Plant_4_2022_06_13"
"515","C3",532503,"4","Top","Plant_4_2022_06_13"
"516","C4",697512,"4","Top","Plant_4_2022_06_13"
"517","C5",560567,"4","Bottom","Plant_4_2022_06_13"
"518","C6",492765,"4","Bottom","Plant_4_2022_06_13"
"519","C7",450121,"4","Bottom","Plant_4_2022_06_13"
"520","C8",547600,"4","Bottom","Plant_4_2022_06_13"
"521","C9",441791,"5","Top","Plant_5_2022_06_13"
"522","C10",435009,"5","Top","Plant_5_2022_06_13"
"523","C11",401050,"5","Top","Plant_5_2022_06_13"
"524","C12",530996,"5","Top","Plant_5_2022_06_13"
"525","D1",450948,"5","Bottom","Plant_5_2022_06_13"
"526","D2",573818,"5","Bottom","Plant_5_2022_06_13"
"527","D3",483950,"5","Bottom","Plant_5_2022_06_13"
"528","D4",406313,"5","Bottom","Plant_5_2022_06_13"
"529","A1",253239,"1","Top","Plant_1_2022_09_19"
"530","A2",198311,"1","Top","Plant_1_2022_09_19"
"531","A3",235952,"1","Top","Plant_1_2022_09_19"
"532","A4",208438,"1","Top","Plant_1_2022_09_19"
"533","A5",370471,"1","Bottom","Plant_1_2022_09_19"
"534","A6",437002,"1","Bottom","Plant_1_2022_09_19"
"535","A7",324598,"1","Bottom","Plant_1_2022_09_19"
"536","A8",377169,"1","Bottom","Plant_1_2022_09_19"
"537","A9",580718,"2","Top","Plant_2_2022_09_19"
"538","A10",358777,"2","Top","Plant_2_2022_09_19"
"539","A11",472118,"2","Top","Plant_2_2022_09_19"
"540","A12",584526,"2","Top","Plant_2_2022_09_19"
"541","B1",332714,"2","Bottom","Plant_2_2022_09_19"
"542","B2",285960,"2","Bottom","Plant_2_2022_09_19"
"543","B3",332386,"2","Bottom","Plant_2_2022_09_19"
"544","B4",111274,"2","Bottom","Plant_2_2022_09_19"
"545","B5",379227,"3","Top","Plant_3_2022_09_19"
"546","B6",399128,"3","Top","Plant_3_2022_09_19"
"547","B7",407850,"3","Top","Plant_3_2022_09_19"
"548","B8",446695,"3","Top","Plant_3_2022_09_19"
"549","B9",181948,"3","Bottom","Plant_3_2022_09_19"
"550","B10",179427,"3","Bottom","Plant_3_2022_09_19"
"551","B11",224034,"3","Bottom","Plant_3_2022_09_19"
"552","B12",394933,"3","Bottom","Plant_3_2022_09_19"
"553","C1",362440,"4","Top","Plant_4_2022_09_19"
"554","C2",283894,"4","Top","Plant_4_2022_09_19"
"555","C3",376399,"4","Top","Plant_4_2022_09_19"
"556","C4",280052,"4","Top","Plant_4_2022_09_19"
"557","C5",296212,"4","Bottom","Plant_4_2022_09_19"
"558","C6",252469,"4","Bottom","Plant_4_2022_09_19"
"559","C7",266459,"4","Bottom","Plant_4_2022_09_19"
"560","C8",187028,"4","Bottom","Plant_4_2022_09_19"
"561","C9",316905,"5","Top","Plant_5_2022_09_19"
"562","C10",343832,"5","Top","Plant_5_2022_09_19"
"563","C11",425072,"5","Top","Plant_5_2022_09_19"
"564","C12",352938,"5","Top","Plant_5_2022_09_19"
"565","D1",297452,"5","Bottom","Plant_5_2022_09_19"
"566","D2",275260,"5","Bottom","Plant_5_2022_09_19"
"567","D3",358022,"5","Bottom","Plant_5_2022_09_19"
"568","D4",293154,"5","Bottom","Plant_5_2022_09_19"
"569","D5",403938,"6","Top","Plant_6_2022_09_19"
"570","D6",573762,"6","Top","Plant_6_2022_09_19"
"571","D7",406611,"6","Top","Plant_6_2022_09_19"
"572","D8",484533,"6","Top","Plant_6_2022_09_19"
"573","D9",391378,"6","Bottom","Plant_6_2022_09_19"
"574","D10",181187,"6","Bottom","Plant_6_2022_09_19"
"575","D11",222899,"6","Bottom","Plant_6_2022_09_19"
"576","D12",316740,"6","Bottom","Plant_6_2022_09_19"
"577","E1",368690,"7","Top","Plant_7_2022_09_19"
"578","E2",396103,"7","Top","Plant_7_2022_09_19"
"579","E3",359470,"7","Top","Plant_7_2022_09_19"
"580","E4",359939,"7","Top","Plant_7_2022_09_19"
"581","E5",253808,"7","Bottom","Plant_7_2022_09_19"
"582","E6",291273,"7","Bottom","Plant_7_2022_09_19"
"583","E7",256662,"7","Bottom","Plant_7_2022_09_19"
"584","E8",254544,"7","Bottom","Plant_7_2022_09_19"
"585","E9",251110,"8","Top","Plant_8_2022_09_19"
"586","E10",604772,"8","Top","Plant_8_2022_09_19"
"587","E11",302920,"8","Top","Plant_8_2022_09_19"
"588","E12",384613,"8","Top","Plant_8_2022_09_19"
"589","F1",286078,"8","Bottom","Plant_8_2022_09_19"
"590","F2",341175,"8","Bottom","Plant_8_2022_09_19"
"591","F3",356939,"8","Bottom","Plant_8_2022_09_19"
"592","F4",259708,"8","Bottom","Plant_8_2022_09_19"
"593","A1",590484,"1","Top","Plant_1_2022_09_05"
"594","A2",507461,"1","Top","Plant_1_2022_09_05"
"595","A3",632063,"1","Top","Plant_1_2022_09_05"
"596","A4",412717,"1","Top","Plant_1_2022_09_05"
"597","A5",237246,"1","Bottom","Plant_1_2022_09_05"
"598","A6",251805,"1","Bottom","Plant_1_2022_09_05"
"599","A7",281050,"1","Bottom","Plant_1_2022_09_05"
"600","A8",374315,"1","Bottom","Plant_1_2022_09_05"
"601","A9",479970,"2","Top","Plant_2_2022_09_05"
"602","A10",392237,"2","Top","Plant_2_2022_09_05"
"603","A11",402552,"2","Top","Plant_2_2022_09_05"
"604","A12",364444,"2","Top","Plant_2_2022_09_05"
"605","B1",293063,"2","Bottom","Plant_2_2022_09_05"
"606","B2",315931,"2","Bottom","Plant_2_2022_09_05"
"607","B3",293703,"2","Bottom","Plant_2_2022_09_05"
"608","B4",311598,"2","Bottom","Plant_2_2022_09_05"
"609","B5",477752,"3","Top","Plant_3_2022_09_05"
"610","B6",490899,"3","Top","Plant_3_2022_09_05"
"611","B7",364688,"3","Top","Plant_3_2022_09_05"
"612","B8",333995,"3","Top","Plant_3_2022_09_05"
"613","B9",291140,"3","Bottom","Plant_3_2022_09_05"
"614","B10",257067,"3","Bottom","Plant_3_2022_09_05"
"615","B11",298535,"3","Bottom","Plant_3_2022_09_05"
"616","B12",349102,"3","Bottom","Plant_3_2022_09_05"
"617","C1",345898,"4","Top","Plant_4_2022_09_05"
"618","C2",448795,"4","Top","Plant_4_2022_09_05"
"619","C3",328313,"4","Top","Plant_4_2022_09_05"
"620","C4",394519,"4","Top","Plant_4_2022_09_05"
"621","C5",460857,"4","Bottom","Plant_4_2022_09_05"
"622","C6",251792,"4","Bottom","Plant_4_2022_09_05"
"623","C7",230549,"4","Bottom","Plant_4_2022_09_05"
"624","C8",329776,"4","Bottom","Plant_4_2022_09_05"
"625","C9",327251,"5","Top","Plant_5_2022_09_05"
"626","C10",268113,"5","Top","Plant_5_2022_09_05"
"627","C11",342735,"5","Top","Plant_5_2022_09_05"
"628","C12",422058,"5","Top","Plant_5_2022_09_05"
"629","D1",236018,"5","Bottom","Plant_5_2022_09_05"
"630","D2",252507,"5","Bottom","Plant_5_2022_09_05"
"631","D3",355975,"5","Bottom","Plant_5_2022_09_05"
"632","D4",337160,"5","Bottom","Plant_5_2022_09_05"
"633","D5",534721,"6","Top","Plant_6_2022_09_05"
"634","D6",415221,"6","Top","Plant_6_2022_09_05"
"635","D7",455762,"6","Top","Plant_6_2022_09_05"
"636","D8",424448,"6","Top","Plant_6_2022_09_05"
"637","D9",467106,"6","Bottom","Plant_6_2022_09_05"
"638","D10",345549,"6","Bottom","Plant_6_2022_09_05"
"639","D11",409120,"6","Bottom","Plant_6_2022_09_05"
"640","D12",414870,"6","Bottom","Plant_6_2022_09_05"
"641","E1",544694,"7","Top","Plant_7_2022_09_05"
"642","E2",354355,"7","Top","Plant_7_2022_09_05"
"643","E3",450530,"7","Top","Plant_7_2022_09_05"
"644","E4",517285,"7","Top","Plant_7_2022_09_05"
"645","E5",411521,"7","Bottom","Plant_7_2022_09_05"
"646","E6",293201,"7","Bottom","Plant_7_2022_09_05"
"647","E7",323270,"7","Bottom","Plant_7_2022_09_05"
"648","E8",283777,"7","Bottom","Plant_7_2022_09_05"
"649","E9",218558,"8","Top","Plant_8_2022_09_05"
"650","E10",234541,"8","Top","Plant_8_2022_09_05"
"651","E11",317368,"8","Top","Plant_8_2022_09_05"
"652","E12",326938,"8","Top","Plant_8_2022_09_05"
"653","F1",350991,"8","Bottom","Plant_8_2022_09_05"
"654","F2",348557,"8","Bottom","Plant_8_2022_09_05"
"655","F3",434295,"8","Bottom","Plant_8_2022_09_05"
"656","F4",440599,"8","Bottom","Plant_8_2022_09_05"
"657","A1",185108,"1","Top","Plant_1_2022_07_25"
"658","A2",254153,"1","Top","Plant_1_2022_07_25"
"659","A3",196532,"1","Top","Plant_1_2022_07_25"
"660","A4",241462,"1","Top","Plant_1_2022_07_25"
"661","A5",221387,"1","Bottom","Plant_1_2022_07_25"
"662","A6",120062,"1","Bottom","Plant_1_2022_07_25"
"663","A7",269450,"1","Bottom","Plant_1_2022_07_25"
"664","A8",324098,"1","Bottom","Plant_1_2022_07_25"
"665","A9",120149,"2","Top","Plant_2_2022_07_25"
"666","A10",174979,"2","Top","Plant_2_2022_07_25"
"667","A11",239699,"2","Top","Plant_2_2022_07_25"
"668","A12",252974,"2","Top","Plant_2_2022_07_25"
"669","B1",135280,"2","Bottom","Plant_2_2022_07_25"
"670","B2",172712,"2","Bottom","Plant_2_2022_07_25"
"671","B3",162236,"2","Bottom","Plant_2_2022_07_25"
"672","B4",249713,"2","Bottom","Plant_2_2022_07_25"
"673","B5",426592,"3","Top","Plant_3_2022_07_25"
"674","B6",247879,"3","Top","Plant_3_2022_07_25"
"675","B7",256653,"3","Top","Plant_3_2022_07_25"
"676","B8",353158,"3","Top","Plant_3_2022_07_25"
"677","B9",396597,"3","Bottom","Plant_3_2022_07_25"
"678","B10",384252,"3","Bottom","Plant_3_2022_07_25"
"679","B11",377760,"3","Bottom","Plant_3_2022_07_25"
"680","B12",355215,"3","Bottom","Plant_3_2022_07_25"
"681","C1",284317,"4","Top","Plant_4_2022_07_25"
"682","C2",429449,"4","Top","Plant_4_2022_07_25"
"683","C3",392968,"4","Top","Plant_4_2022_07_25"
"684","C4",251285,"4","Top","Plant_4_2022_07_25"
"685","C5",196636,"4","Bottom","Plant_4_2022_07_25"
"686","C6",172680,"4","Bottom","Plant_4_2022_07_25"
"687","C7",281516,"4","Bottom","Plant_4_2022_07_25"
"688","C8",210174,"4","Bottom","Plant_4_2022_07_25"
"689","C9",173813,"5","Top","Plant_5_2022_07_25"
"690","C10",272888,"5","Top","Plant_5_2022_07_25"
"691","C11",177590,"5","Top","Plant_5_2022_07_25"
"692","C12",357989,"5","Top","Plant_5_2022_07_25"
"693","D1",372310,"5","Bottom","Plant_5_2022_07_25"
"694","D2",469282,"5","Bottom","Plant_5_2022_07_25"
"695","D3",543309,"5","Bottom","Plant_5_2022_07_25"
"696","D4",325472,"5","Bottom","Plant_5_2022_07_25"
"697","D5",276394,"6","Top","Plant_6_2022_07_25"
"698","D6",343566,"6","Top","Plant_6_2022_07_25"
"699","D7",274840,"6","Top","Plant_6_2022_07_25"
"700","D8",199017,"6","Top","Plant_6_2022_07_25"
"701","D9",350741,"6","Bottom","Plant_6_2022_07_25"
"702","D10",238374,"6","Bottom","Plant_6_2022_07_25"
"703","D11",204013,"6","Bottom","Plant_6_2022_07_25"
"704","D12",235468,"6","Bottom","Plant_6_2022_07_25"
"705","E1",378198,"7","Top","Plant_7_2022_07_25"
"706","E2",287055,"7","Top","Plant_7_2022_07_25"
"707","E3",260725,"7","Top","Plant_7_2022_07_25"
"708","E4",227782,"7","Top","Plant_7_2022_07_25"
"709","E5",240654,"7","Bottom","Plant_7_2022_07_25"
"710","E6",264204,"7","Bottom","Plant_7_2022_07_25"
"711","E7",266372,"7","Bottom","Plant_7_2022_07_25"
"712","E8",342933,"7","Bottom","Plant_7_2022_07_25"
"713","E9",157693,"8","Top","Plant_8_2022_07_25"
"714","E10",120715,"8","Top","Plant_8_2022_07_25"
"715","E11",177279,"8","Top","Plant_8_2022_07_25"
"716","E12",269285,"8","Top","Plant_8_2022_07_25"
"717","F1",250231,"8","Bottom","Plant_8_2022_07_25"
"718","F2",295924,"8","Bottom","Plant_8_2022_07_25"
"719","F3",159916,"8","Bottom","Plant_8_2022_07_25"
"720","F4",333845,"8","Bottom","Plant_8_2022_07_25"
"721","A1",420499,"1","Top","Plant_1_2022_09_12"
"722","A2",440842,"1","Top","Plant_1_2022_09_12"
"723","A3",353656,"1","Top","Plant_1_2022_09_12"
"724","A4",335207,"1","Top","Plant_1_2022_09_12"
"725","A5",269325,"1","Bottom","Plant_1_2022_09_12"
"726","A6",398141,"1","Bottom","Plant_1_2022_09_12"
"727","A7",441608,"1","Bottom","Plant_1_2022_09_12"
"728","A8",294542,"1","Bottom","Plant_1_2022_09_12"
"729","A9",562250,"2","Top","Plant_2_2022_09_12"
"730","A10",594528,"2","Top","Plant_2_2022_09_12"
"731","A11",580434,"2","Top","Plant_2_2022_09_12"
"732","A12",796538,"2","Top","Plant_2_2022_09_12"
"733","B1",383976,"2","Bottom","Plant_2_2022_09_12"
"734","B2",445595,"2","Bottom","Plant_2_2022_09_12"
"735","B3",369807,"2","Bottom","Plant_2_2022_09_12"
"736","B4",372637,"2","Bottom","Plant_2_2022_09_12"
"737","B5",421945,"3","Top","Plant_3_2022_09_12"
"738","B6",292749,"3","Top","Plant_3_2022_09_12"
"739","B7",444925,"3","Top","Plant_3_2022_09_12"
"740","B8",359102,"3","Top","Plant_3_2022_09_12"
"741","B9",569673,"3","Bottom","Plant_3_2022_09_12"
"742","B10",514006,"3","Bottom","Plant_3_2022_09_12"
"743","B11",439835,"3","Bottom","Plant_3_2022_09_12"
"744","B12",601148,"3","Bottom","Plant_3_2022_09_12"
"745","C1",362196,"4","Top","Plant_4_2022_09_12"
"746","C2",331398,"4","Top","Plant_4_2022_09_12"
"747","C3",469361,"4","Top","Plant_4_2022_09_12"
"748","C4",444904,"4","Top","Plant_4_2022_09_12"
"749","C5",333634,"4","Bottom","Plant_4_2022_09_12"
"750","C6",398485,"4","Bottom","Plant_4_2022_09_12"
"751","C7",355763,"4","Bottom","Plant_4_2022_09_12"
"752","C8",323288,"4","Bottom","Plant_4_2022_09_12"
"753","C9",492435,"5","Top","Plant_5_2022_09_12"
"754","C10",248863,"5","Top","Plant_5_2022_09_12"
"755","C11",493025,"5","Top","Plant_5_2022_09_12"
"756","C12",484407,"5","Top","Plant_5_2022_09_12"
"757","D1",344156,"5","Bottom","Plant_5_2022_09_12"
"758","D2",243411,"5","Bottom","Plant_5_2022_09_12"
"759","D3",358384,"5","Bottom","Plant_5_2022_09_12"
"760","D4",291097,"5","Bottom","Plant_5_2022_09_12"
"761","D5",417168,"6","Top","Plant_6_2022_09_12"
"762","D6",471742,"6","Top","Plant_6_2022_09_12"
"763","D7",465263,"6","Top","Plant_6_2022_09_12"
"764","D8",755470,"6","Top","Plant_6_2022_09_12"
"765","D9",301846,"6","Bottom","Plant_6_2022_09_12"
"766","D10",257117,"6","Bottom","Plant_6_2022_09_12"
"767","D11",347088,"6","Bottom","Plant_6_2022_09_12"
"768","D12",402205,"6","Bottom","Plant_6_2022_09_12"
"769","E1",475512,"7","Top","Plant_7_2022_09_12"
"770","E2",580609,"7","Top","Plant_7_2022_09_12"
"771","E3",547920,"7","Top","Plant_7_2022_09_12"
"772","E4",527739,"7","Top","Plant_7_2022_09_12"
"773","E5",314933,"7","Bottom","Plant_7_2022_09_12"
"774","E6",241391,"7","Bottom","Plant_7_2022_09_12"
"775","E7",253847,"7","Bottom","Plant_7_2022_09_12"
"776","E8",293929,"7","Bottom","Plant_7_2022_09_12"
"777","E9",465347,"8","Top","Plant_8_2022_09_12"
"778","E10",449248,"8","Top","Plant_8_2022_09_12"
"779","E11",432454,"8","Top","Plant_8_2022_09_12"
"780","E12",452872,"8","Top","Plant_8_2022_09_12"
"781","F1",361335,"8","Bottom","Plant_8_2022_09_12"
"782","F2",429573,"8","Bottom","Plant_8_2022_09_12"
"783","F3",137642,"8","Bottom","Plant_8_2022_09_12"
"784","F4",152218,"8","Bottom","Plant_8_2022_09_12"
"785","A1",462563,"1","Top","Plant_1_2022_10_17"
"786","A2",438281,"1","Top","Plant_1_2022_10_17"
"787","A3",392044,"1","Top","Plant_1_2022_10_17"
"788","A4",536579,"1","Top","Plant_1_2022_10_17"
"789","A5",556292,"1","Bottom","Plant_1_2022_10_17"
"790","A6",613912,"1","Bottom","Plant_1_2022_10_17"
"791","A7",575497,"1","Bottom","Plant_1_2022_10_17"
"792","A8",447493,"1","Bottom","Plant_1_2022_10_17"
"793","A9",615937,"2","Top","Plant_2_2022_10_17"
"794","A10",513506,"2","Top","Plant_2_2022_10_17"
"795","A11",489520,"2","Top","Plant_2_2022_10_17"
"796","A12",626273,"2","Top","Plant_2_2022_10_17"
"797","B1",466727,"2","Bottom","Plant_2_2022_10_17"
"798","B2",755412,"2","Bottom","Plant_2_2022_10_17"
"799","B3",601960,"2","Bottom","Plant_2_2022_10_17"
"800","B4",531933,"2","Bottom","Plant_2_2022_10_17"
"801","B5",453924,"3","Top","Plant_3_2022_10_17"
"802","B6",474613,"3","Top","Plant_3_2022_10_17"
"803","B7",493578,"3","Top","Plant_3_2022_10_17"
"804","B8",576507,"3","Top","Plant_3_2022_10_17"
"805","B9",235196,"3","Bottom","Plant_3_2022_10_17"
"806","B10",283888,"3","Bottom","Plant_3_2022_10_17"
"807","B11",257637,"3","Bottom","Plant_3_2022_10_17"
"808","B12",296498,"3","Bottom","Plant_3_2022_10_17"
"809","C1",428967,"4","Top","Plant_4_2022_10_17"
"810","C2",238910,"4","Top","Plant_4_2022_10_17"
"811","C3",220448,"4","Top","Plant_4_2022_10_17"
"812","C4",269188,"4","Top","Plant_4_2022_10_17"
"813","C5",385181,"4","Bottom","Plant_4_2022_10_17"
"814","C6",564750,"4","Bottom","Plant_4_2022_10_17"
"815","C7",384279,"4","Bottom","Plant_4_2022_10_17"
"816","C8",423772,"4","Bottom","Plant_4_2022_10_17"
"817","C9",410336,"5","Top","Plant_5_2022_10_17"
"818","C10",465342,"5","Top","Plant_5_2022_10_17"
"819","C11",397877,"5","Top","Plant_5_2022_10_17"
"820","C12",391157,"5","Top","Plant_5_2022_10_17"
"821","D1",394507,"5","Bottom","Plant_5_2022_10_17"
"822","D2",572257,"5","Bottom","Plant_5_2022_10_17"
"823","D3",428647,"5","Bottom","Plant_5_2022_10_17"
"824","D4",500375,"5","Bottom","Plant_5_2022_10_17"
"825","D5",527653,"6","Top","Plant_6_2022_10_17"
"826","D6",539741,"6","Top","Plant_6_2022_10_17"
"827","D7",511207,"6","Top","Plant_6_2022_10_17"
"828","D8",507940,"6","Top","Plant_6_2022_10_17"
"829","D9",558944,"6","Bottom","Plant_6_2022_10_17"
"830","D10",385497,"6","Bottom","Plant_6_2022_10_17"
"831","D11",472845,"6","Bottom","Plant_6_2022_10_17"
"832","D12",459024,"6","Bottom","Plant_6_2022_10_17"
"833","E1",333991,"7","Top","Plant_7_2022_10_17"
"834","E2",406452,"7","Top","Plant_7_2022_10_17"
"835","E3",366979,"7","Top","Plant_7_2022_10_17"
"836","E4",283519,"7","Top","Plant_7_2022_10_17"
"837","E5",399194,"7","Bottom","Plant_7_2022_10_17"
"838","E6",466422,"7","Bottom","Plant_7_2022_10_17"
"839","E7",508481,"7","Bottom","Plant_7_2022_10_17"
"840","E8",416514,"7","Bottom","Plant_7_2022_10_17"
"841","E9",596203,"8","Top","Plant_8_2022_10_17"
"842","E10",511839,"8","Top","Plant_8_2022_10_17"
"843","E11",461104,"8","Top","Plant_8_2022_10_17"
"844","E12",528154,"8","Top","Plant_8_2022_10_17"
"845","F1",391060,"8","Bottom","Plant_8_2022_10_17"
"846","F2",370436,"8","Bottom","Plant_8_2022_10_17"
"847","F3",496114,"8","Bottom","Plant_8_2022_10_17"
"848","F4",414729,"8","Bottom","Plant_8_2022_10_17"
"849","A1",298538,"1","Top","Plant_1_2022_11_07"
"850","A2",298225,"1","Top","Plant_1_2022_11_07"
"851","A3",467425,"1","Top","Plant_1_2022_11_07"
"852","A4",288799,"1","Top","Plant_1_2022_11_07"
"853","A5",495752,"1","Bottom","Plant_1_2022_11_07"
"854","A6",581741,"1","Bottom","Plant_1_2022_11_07"
"855","A7",488275,"1","Bottom","Plant_1_2022_11_07"
"856","A8",378296,"1","Bottom","Plant_1_2022_11_07"
"857","A9",224692,"2","Top","Plant_2_2022_11_07"
"858","A10",202951,"2","Top","Plant_2_2022_11_07"
"859","A11",307000,"2","Top","Plant_2_2022_11_07"
"860","A12",161486,"2","Top","Plant_2_2022_11_07"
"861","B1",262473,"2","Bottom","Plant_2_2022_11_07"
"862","B2",450576,"2","Bottom","Plant_2_2022_11_07"
"863","B3",357429,"2","Bottom","Plant_2_2022_11_07"
"864","B4",231764,"2","Bottom","Plant_2_2022_11_07"
"865","B5",219237,"3","Top","Plant_3_2022_11_07"
"866","B6",257089,"3","Top","Plant_3_2022_11_07"
"867","B7",296927,"3","Top","Plant_3_2022_11_07"
"868","B8",227603,"3","Top","Plant_3_2022_11_07"
"869","B9",208506,"3","Bottom","Plant_3_2022_11_07"
"870","B10",437585,"3","Bottom","Plant_3_2022_11_07"
"871","B11",299858,"3","Bottom","Plant_3_2022_11_07"
"872","B12",395320,"3","Bottom","Plant_3_2022_11_07"
"873","C1",276442,"4","Top","Plant_4_2022_11_07"
"874","C2",278463,"4","Top","Plant_4_2022_11_07"
"875","C3",266960,"4","Top","Plant_4_2022_11_07"
"876","C4",268193,"4","Top","Plant_4_2022_11_07"
"877","C5",327206,"4","Bottom","Plant_4_2022_11_07"
"878","C6",318454,"4","Bottom","Plant_4_2022_11_07"
"879","C7",330493,"4","Bottom","Plant_4_2022_11_07"
"880","C8",333521,"4","Bottom","Plant_4_2022_11_07"
"881","C9",352590,"5","Top","Plant_5_2022_11_07"
"882","C10",284671,"5","Top","Plant_5_2022_11_07"
"883","C11",260603,"5","Top","Plant_5_2022_11_07"
"884","C12",285699,"5","Top","Plant_5_2022_11_07"
"885","D1",250720,"5","Bottom","Plant_5_2022_11_07"
"886","D2",290837,"5","Bottom","Plant_5_2022_11_07"
"887","D3",288189,"5","Bottom","Plant_5_2022_11_07"
"888","D4",295701,"5","Bottom","Plant_5_2022_11_07"
"889","D5",204897,"6","Top","Plant_6_2022_11_07"
"890","D6",368588,"6","Top","Plant_6_2022_11_07"
"891","D7",334764,"6","Top","Plant_6_2022_11_07"
"892","D8",303990,"6","Top","Plant_6_2022_11_07"
"893","D9",169679,"6","Bottom","Plant_6_2022_11_07"
"894","D10",180762,"6","Bottom","Plant_6_2022_11_07"
"895","D11",211865,"6","Bottom","Plant_6_2022_11_07"
"896","D12",264691,"6","Bottom","Plant_6_2022_11_07"
"897","E1",179096,"7","Top","Plant_7_2022_11_07"
"898","E2",249842,"7","Top","Plant_7_2022_11_07"
"899","E3",279071,"7","Top","Plant_7_2022_11_07"
"900","E4",197865,"7","Top","Plant_7_2022_11_07"
"901","E5",284205,"7","Bottom","Plant_7_2022_11_07"
"902","E6",289024,"7","Bottom","Plant_7_2022_11_07"
"903","E7",295989,"7","Bottom","Plant_7_2022_11_07"
"904","E8",264226,"7","Bottom","Plant_7_2022_11_07"
"905","E9",236264,"8","Top","Plant_8_2022_11_07"
"906","E10",358449,"8","Top","Plant_8_2022_11_07"
"907","E11",299304,"8","Top","Plant_8_2022_11_07"
"908","E12",91356,"8","Top","Plant_8_2022_11_07"
"909","F1",310307,"8","Bottom","Plant_8_2022_11_07"
"910","F2",337662,"8","Bottom","Plant_8_2022_11_07"
"911","F3",254118,"8","Bottom","Plant_8_2022_11_07"
"912","F4",353326,"8","Bottom","Plant_8_2022_11_07"
