Unique_ID,Plant_CV,Dataset,Strain
A154PFivepSa,0.55611275,pSa,EHA105
A154PFourpSa,0.415600624,pSa,EHA105
A154POnepSa,0.279550597,pSa,EHA105
A154PSixpSa,0.402390304,pSa,EHA105
A154PThreepSa,0.289706326,pSa,EHA105
A154PTwopSa,0.461810742,pSa,EHA105
A171VFiveRK2,0.534919044,RK2,EHA105
A171VFourRK2,0.348955448,RK2,EHA105
A171VOneRK2,0.368918484,RK2,EHA105
A171VSixRK2,0.452405295,RK2,EHA105
A171VThreeRK2,0.34820149,RK2,EHA105
A171VTwoRK2,0.232040538,RK2,EHA105
A250SFiveRK2,0.216796165,RK2,EHA105
A250SFourRK2,0.209356847,RK2,EHA105
A250SOneRK2,0.150388959,RK2,EHA105
A250SSixRK2,0.230785399,RK2,EHA105
A250SThreeRK2,0.129479662,RK2,EHA105
A250STwoRK2,0.128813517,RK2,EHA105
A37PFivepSa,0.227256426,pSa,EHA105
A37PFourpSa,0.120058755,pSa,EHA105
A37POnepSa,0.722820491,pSa,EHA105
A37PSixpSa,0.047419456,pSa,EHA105
A37PThreepSa,0.115849105,pSa,EHA105
A37PTwopSa,0.244871112,pSa,EHA105
D129EFiveBBR1,0.238199099,BBR1,EHA105
D129EFourBBR1,0.311921113,BBR1,EHA105
D129EOneBBR1,0.39349079,BBR1,EHA105
D129ESixBBR1,0.481263175,BBR1,EHA105
D129EThreeBBR1,0.441704079,BBR1,EHA105
D129ETwoBBR1,0.239840194,BBR1,EHA105
D132LFiveBBR1,0.434937437,BBR1,EHA105
D132LFourBBR1,0.200213178,BBR1,EHA105
D132LOneBBR1,0.303366477,BBR1,EHA105
D132LSixBBR1,0.352531895,BBR1,EHA105
D132LThreeBBR1,0.306830273,BBR1,EHA105
D132LTwoBBR1,0.276653002,BBR1,EHA105
D134NFiveBBR1,0.479774387,BBR1,EHA105
D134NFourBBR1,0.353653204,BBR1,EHA105
D134NOneBBR1,0.17414808,BBR1,EHA105
D134NSixBBR1,0.490292458,BBR1,EHA105
D134NThreeBBR1,0.336586391,BBR1,EHA105
D134NTwoBBR1,0.504355344,BBR1,EHA105
D145NFivepSa,0.748529968,pSa,EHA105
D145NFourpSa,0.487943231,pSa,EHA105
D145NOnepSa,0.651444763,pSa,EHA105
D145NSixpSa,0.594573546,pSa,EHA105
D145NThreepSa,0.422504149,pSa,EHA105
D145NTwopSa,0.491093323,pSa,EHA105
D181YFivepSa,0.379324041,pSa,EHA105
D181YFourpSa,0.267760571,pSa,EHA105
D181YOnepSa,0.546682755,pSa,EHA105
D181YSixpSa,0.569476799,pSa,EHA105
D181YThreepSa,0.257932173,pSa,EHA105
D181YTwopSa,0.641561196,pSa,EHA105
E170KFiveRK2,0.348498853,RK2,EHA105
E170KFourRK2,0.304431432,RK2,EHA105
E170KOneRK2,0.209354658,RK2,EHA105
E170KSixRK2,0.261300212,RK2,EHA105
E170KThreeRK2,0.144681246,RK2,EHA105
E170KTwoRK2,0.363208512,RK2,EHA105
E182LFiveBBR1,0.300070214,BBR1,EHA105
E182LFourBBR1,0.59925084,BBR1,EHA105
E182LOneBBR1,0.3390793,BBR1,EHA105
E182LSixBBR1,0.289094667,BBR1,EHA105
E182LThreeBBR1,0.293371275,BBR1,EHA105
E182LTwoBBR1,0.403712796,BBR1,EHA105
E22StopFiveRK2,0.399506949,RK2,EHA105
E22StopFourRK2,0.232098867,RK2,EHA105
E22StopOneRK2,0.473313645,RK2,EHA105
E22StopSixRK2,0.217934235,RK2,EHA105
E22StopThreeRK2,0.355076443,RK2,EHA105
E22StopTwoRK2,0.596084503,RK2,EHA105
E23KFivepSa,0.952258181,pSa,EHA105
E23KFourpSa,0.260004921,pSa,EHA105
E23KOnepSa,0.617463654,pSa,EHA105
E23KSixpSa,0.308818108,pSa,EHA105
E23KThreepSa,0.417356572,pSa,EHA105
E23KTwopSa,0.686713394,pSa,EHA105
E56KFivepSa,0.685900735,pSa,EHA105
E56KFourpSa,0.484918951,pSa,EHA105
E56KOnepSa,0.534716406,pSa,EHA105
E56KSixpSa,0.436195258,pSa,EHA105
E56KThreepSa,0.77021325,pSa,EHA105
E56KTwopSa,0.495982218,pSa,EHA105
E80KFourpSa,0.507714416,pSa,EHA105
E80KOnepSa,0.369556944,pSa,EHA105
E80KThreepSa,0.354581851,pSa,EHA105
E80KTwopSa,0.295020547,pSa,EHA105
F160LFivepSa,0.630075444,pSa,EHA105
F160LFourpSa,0.407877142,pSa,EHA105
F160LOnepSa,0.456680044,pSa,EHA105
F160LSixpSa,0.583602728,pSa,EHA105
F160LThreepSa,0.421735473,pSa,EHA105
F160LTwopSa,0.67295647,pSa,EHA105
FirstOD0.01_2ndFive,0.268348292,Sophia_OD,GV3101
FirstOD0.01_2ndFour,0.10076005,Sophia_OD,GV3101
FirstOD0.01_2ndOne,0.120545078,Sophia_OD,GV3101
FirstOD0.01_2ndSix,0.664839547,Sophia_OD,GV3101
FirstOD0.01_2ndThree,0.351977602,Sophia_OD,GV3101
FirstOD0.01_2ndTwo,1.053443517,Sophia_OD,GV3101
FirstOD0.01_lastFive,0.354177883,Sophia_OD,GV3101
FirstOD0.01_lastFour,0.167092241,Sophia_OD,GV3101
FirstOD0.01_lastOne,0.631933926,Sophia_OD,GV3101
FirstOD0.01_lastSix,0.422361029,Sophia_OD,GV3101
FirstOD0.01_lastThree,0.394524148,Sophia_OD,GV3101
FirstOD0.01_lastTwo,0.16940984,Sophia_OD,GV3101
FirstOD0.02_3rdFour,0.128972205,Sophia_OD,GV3101
FirstOD0.02_3rdOne,0.507040502,Sophia_OD,GV3101
FirstOD0.02_3rdSix,0.364427812,Sophia_OD,GV3101
FirstOD0.02_3rdThree,0.202283696,Sophia_OD,GV3101
FirstOD0.02_3rdTwo,0.428126213,Sophia_OD,GV3101
FirstOD0.11_2ndFive,0.238029719,Sophia_OD,GV3101
FirstOD0.11_2ndFour,0.125550072,Sophia_OD,GV3101
FirstOD0.11_2ndOne,0.079177757,Sophia_OD,GV3101
FirstOD0.11_2ndSix,0.197484004,Sophia_OD,GV3101
FirstOD0.11_2ndThree,0.231902499,Sophia_OD,GV3101
FirstOD0.11_2ndTwo,0.179577996,Sophia_OD,GV3101
FirstOD0.11_3rdFive,0.216460271,Sophia_OD,GV3101
FirstOD0.11_3rdFour,0.120826575,Sophia_OD,GV3101
FirstOD0.11_3rdOne,0.204113908,Sophia_OD,GV3101
FirstOD0.11_3rdSix,0.138587731,Sophia_OD,GV3101
FirstOD0.11_3rdThree,0.080868777,Sophia_OD,GV3101
FirstOD0.11_3rdTwo,0.070147739,Sophia_OD,GV3101
FirstOD0.1_2ndFive,0.251161747,Sophia_OD,GV3101
FirstOD0.1_2ndFour,0.150242541,Sophia_OD,GV3101
FirstOD0.1_2ndOne,0.520768565,Sophia_OD,GV3101
FirstOD0.1_2ndSix,0.091598322,Sophia_OD,GV3101
FirstOD0.1_2ndThree,0.107954788,Sophia_OD,GV3101
FirstOD0.1_2ndTwo,0.457263083,Sophia_OD,GV3101
FirstOD0.1_lastFive,0.288747995,Sophia_OD,GV3101
FirstOD0.1_lastFour,0.380700133,Sophia_OD,GV3101
FirstOD0.1_lastOne,0.26267638,Sophia_OD,GV3101
FirstOD0.1_lastSix,0.134658698,Sophia_OD,GV3101
FirstOD0.1_lastThree,0.252297126,Sophia_OD,GV3101
FirstOD0.1_lastTwo,0.32414699,Sophia_OD,GV3101
FirstOD0.2_2ndFive,0.278345605,Sophia_OD,GV3101
FirstOD0.2_2ndFour,0.246689351,Sophia_OD,GV3101
FirstOD0.2_2ndOne,0.966563257,Sophia_OD,GV3101
FirstOD0.2_2ndSix,0.109698251,Sophia_OD,GV3101
FirstOD0.2_2ndThree,0.162210855,Sophia_OD,GV3101
FirstOD0.2_2ndTwo,0.166721653,Sophia_OD,GV3101
FirstOD0.51Five,0.224741524,Sophia_OD,GV3101
FirstOD0.51Four,0.06739168,Sophia_OD,GV3101
FirstOD0.51One,1.105571848,Sophia_OD,GV3101
FirstOD0.51Six,0.190331601,Sophia_OD,GV3101
FirstOD0.51Three,0.095817019,Sophia_OD,GV3101
FirstOD0.51Two,0.362497779,Sophia_OD,GV3101
FirstOD0.51_3rdFive,0.309981222,Sophia_OD,GV3101
FirstOD0.51_3rdFour,0.088922092,Sophia_OD,GV3101
FirstOD0.51_3rdOne,0.163202703,Sophia_OD,GV3101
FirstOD0.51_3rdSix,0.160424698,Sophia_OD,GV3101
FirstOD0.51_3rdThree,0.122306628,Sophia_OD,GV3101
FirstOD0.51_3rdTwo,0.241268093,Sophia_OD,GV3101
FirstOD0.5Five,0.064554889,Sophia_OD,GV3101
FirstOD0.5Four,0.178932549,Sophia_OD,GV3101
FirstOD0.5One,0.18513292,Sophia_OD,GV3101
FirstOD0.5Six,0.165058744,Sophia_OD,GV3101
FirstOD0.5Three,0.366777107,Sophia_OD,GV3101
FirstOD0.5Two,0.16218538,Sophia_OD,GV3101
FirstOD0.6_2ndFive,0.115216488,Sophia_OD,GV3101
FirstOD0.6_2ndFour,0.448830283,Sophia_OD,GV3101
FirstOD0.6_2ndOne,0.471056129,Sophia_OD,GV3101
FirstOD0.6_2ndSix,0.158846692,Sophia_OD,GV3101
FirstOD0.6_2ndThree,0.173223755,Sophia_OD,GV3101
FirstOD0.6_2ndTwo,0.238904689,Sophia_OD,GV3101
FirstOD1.01Five,0.413539448,Sophia_OD,GV3101
FirstOD1.01Four,0.286767659,Sophia_OD,GV3101
FirstOD1.01One,0.138870136,Sophia_OD,GV3101
FirstOD1.01Six,0.211596144,Sophia_OD,GV3101
FirstOD1.01Three,0.214663112,Sophia_OD,GV3101
FirstOD1.01Two,0.199540896,Sophia_OD,GV3101
FirstOD1.01_3rdFive,0.113777637,Sophia_OD,GV3101
FirstOD1.01_3rdFour,0.279695238,Sophia_OD,GV3101
FirstOD1.01_3rdOne,0.088990239,Sophia_OD,GV3101
FirstOD1.01_3rdSix,0.093444886,Sophia_OD,GV3101
FirstOD1.01_3rdThree,0.126422143,Sophia_OD,GV3101
FirstOD1.01_3rdTwo,0.306367714,Sophia_OD,GV3101
FirstOD1.1Five,0.071541038,Sophia_OD,GV3101
FirstOD1.1Four,0.206235628,Sophia_OD,GV3101
FirstOD1.1One,0.29697222,Sophia_OD,GV3101
FirstOD1.1Six,0.267364398,Sophia_OD,GV3101
FirstOD1.1Three,0.253255128,Sophia_OD,GV3101
FirstOD1.1Two,0.124218386,Sophia_OD,GV3101
FirstOD1.1_2ndFive,0.120053195,Sophia_OD,GV3101
FirstOD1.1_2ndFour,0.233637386,Sophia_OD,GV3101
FirstOD1.1_2ndOne,0.145977612,Sophia_OD,GV3101
FirstOD1.1_2ndSix,0.2585304,Sophia_OD,GV3101
FirstOD1.1_2ndThree,0.147935146,Sophia_OD,GV3101
FirstOD1.1_2ndTwo,0.22443186,Sophia_OD,GV3101
FirstOD1.5Five,0.200443494,Sophia_OD,GV3101
FirstOD1.5Four,0.112494507,Sophia_OD,GV3101
FirstOD1.5One,0.192582916,Sophia_OD,GV3101
FirstOD1.5Six,0.18177989,Sophia_OD,GV3101
FirstOD1.5Three,0.143708656,Sophia_OD,GV3101
FirstOD1.5Two,0.311540467,Sophia_OD,GV3101
FirstOD1.5_2ndFive,0.135623632,Sophia_OD,GV3101
FirstOD1.5_2ndFour,0.416968805,Sophia_OD,GV3101
FirstOD1.5_2ndOne,0.468857109,Sophia_OD,GV3101
FirstOD1.5_2ndSix,0.20825908,Sophia_OD,GV3101
FirstOD1.5_2ndThree,0.250104547,Sophia_OD,GV3101
FirstOD1.5_2ndTwo,0.262117788,Sophia_OD,GV3101
FirstOD1Five,0.360752712,Sophia_OD,GV3101
FirstOD1Four,0.492916848,Sophia_OD,GV3101
FirstOD1One,0.185766896,Sophia_OD,GV3101
FirstOD1Six,0.080836363,Sophia_OD,GV3101
FirstOD1Three,0.224264808,Sophia_OD,GV3101
FirstOD1Two,0.131526558,Sophia_OD,GV3101
FirstOD1_2ndFive,0.365512247,Sophia_OD,GV3101
FirstOD1_2ndFour,0.467413718,Sophia_OD,GV3101
FirstOD1_2ndOne,0.482270501,Sophia_OD,GV3101
FirstOD1_2ndSix,0.209626046,Sophia_OD,GV3101
FirstOD1_2ndThree,0.212501566,Sophia_OD,GV3101
FirstOD1_2ndTwo,0.239656631,Sophia_OD,GV3101
FirstOD2Five,0.168061998,Sophia_OD,GV3101
FirstOD2Four,0.312701986,Sophia_OD,GV3101
FirstOD2One,0.300945148,Sophia_OD,GV3101
FirstOD2Six,0.148932342,Sophia_OD,GV3101
FirstOD2Three,0.344653287,Sophia_OD,GV3101
FirstOD2Two,0.380687174,Sophia_OD,GV3101
FirstOD6Five,0.298445445,Sophia_OD,GV3101
FirstOD6Four,0.521456525,Sophia_OD,GV3101
FirstOD6One,0.267704623,Sophia_OD,GV3101
FirstOD6Six,0.149113771,Sophia_OD,GV3101
FirstOD6Three,0.351635881,Sophia_OD,GV3101
FirstOD6Two,0.262178176,Sophia_OD,GV3101
FirstpVS1FiveA223V,0.641400465,pVS1_1,EHA105
FirstpVS1FiveA246V,0.377533576,pVS1_1,EHA105
FirstpVS1FiveE220K,0.66515693,pVS1_1,EHA105
FirstpVS1FiveE222V,0.353340732,pVS1_1,EHA105
FirstpVS1FiveG111D,0.845080272,pVS1_1,EHA105
FirstpVS1FiveG131D,0.221776244,pVS1_1,EHA105
FirstpVS1FiveG256D,0.590150845,pVS1_1,EHA105
FirstpVS1FiveH201L,0.706991331,pVS1_1,EHA105
FirstpVS1FiveK299N,0.214074325,pVS1_1,EHA105
FirstpVS1FiveK310Q,0.697539281,pVS1_1,EHA105
FirstpVS1FiveR106H,0.520773714,pVS1_1,EHA105
FirstpVS1FiveR227S,0.320443262,pVS1_1,EHA105
FirstpVS1FiveS126Y,0.8248709,pVS1_1,EHA105
FirstpVS1FiveT199N,0.631568819,pVS1_1,EHA105
FirstpVS1FiveV218G,0.324160383,pVS1_1,EHA105
FirstpVS1FiveWT,0.60095494,pVS1_1,EHA105
FirstpVS1FourA223V,0.887143386,pVS1_1,EHA105
FirstpVS1FourA246V,0.413745488,pVS1_1,EHA105
FirstpVS1FourE220K,0.510803006,pVS1_1,EHA105
FirstpVS1FourE222V,0.49512826,pVS1_1,EHA105
FirstpVS1FourG111D,0.329389886,pVS1_1,EHA105
FirstpVS1FourG131D,0.542208433,pVS1_1,EHA105
FirstpVS1FourG256D,0.97691415,pVS1_1,EHA105
FirstpVS1FourH201L,0.406169203,pVS1_1,EHA105
FirstpVS1FourK299N,0.428507979,pVS1_1,EHA105
FirstpVS1FourK310Q,0.343531389,pVS1_1,EHA105
FirstpVS1FourR106H,0.496143779,pVS1_1,EHA105
FirstpVS1FourR227S,0.992928657,pVS1_1,EHA105
FirstpVS1FourS126Y,0.288393523,pVS1_1,EHA105
FirstpVS1FourT199N,0.796569771,pVS1_1,EHA105
FirstpVS1FourV218G,0.692262098,pVS1_1,EHA105
FirstpVS1FourWT,0.393434364,pVS1_1,EHA105
FirstpVS1OneA223V,0.659707623,pVS1_1,EHA105
FirstpVS1OneA246V,0.65062456,pVS1_1,EHA105
FirstpVS1OneE220K,0.289635862,pVS1_1,EHA105
FirstpVS1OneE222V,0.574053671,pVS1_1,EHA105
FirstpVS1OneG111D,0.350732717,pVS1_1,EHA105
FirstpVS1OneG131D,0.467268256,pVS1_1,EHA105
FirstpVS1OneG256D,0.50257284,pVS1_1,EHA105
FirstpVS1OneH201L,0.302991476,pVS1_1,EHA105
FirstpVS1OneK299N,0.354307202,pVS1_1,EHA105
FirstpVS1OneK310Q,0.40833592,pVS1_1,EHA105
FirstpVS1OneR106H,0.391529014,pVS1_1,EHA105
FirstpVS1OneR227S,1.086053896,pVS1_1,EHA105
FirstpVS1OneS126Y,0.359975133,pVS1_1,EHA105
FirstpVS1OneT199N,0.382806064,pVS1_1,EHA105
FirstpVS1OneV218G,0.428743049,pVS1_1,EHA105
FirstpVS1OneWT,0.459245278,pVS1_1,EHA105
FirstpVS1SevenWT,0.598798448,pVS1_1,EHA105
FirstpVS1SixA223V,0.239394072,pVS1_1,EHA105
FirstpVS1SixA246V,0.579706109,pVS1_1,EHA105
FirstpVS1SixE220K,0.423913286,pVS1_1,EHA105
FirstpVS1SixE222V,0.394633992,pVS1_1,EHA105
FirstpVS1SixG111D,0.343283513,pVS1_1,EHA105
FirstpVS1SixG131D,0.444228378,pVS1_1,EHA105
FirstpVS1SixG256D,0.616984728,pVS1_1,EHA105
FirstpVS1SixH201L,0.645846113,pVS1_1,EHA105
FirstpVS1SixK299N,0.473969888,pVS1_1,EHA105
FirstpVS1SixK310Q,0.706977887,pVS1_1,EHA105
FirstpVS1SixR106H,0.258306291,pVS1_1,EHA105
FirstpVS1SixR227S,0.774705153,pVS1_1,EHA105
FirstpVS1SixS126Y,0.682412531,pVS1_1,EHA105
FirstpVS1SixT199N,0.918534706,pVS1_1,EHA105
FirstpVS1SixV218G,0.771597711,pVS1_1,EHA105
FirstpVS1SixWT,1.025057421,pVS1_1,EHA105
FirstpVS1ThreeA223V,0.722822913,pVS1_1,EHA105
FirstpVS1ThreeA246V,0.773668502,pVS1_1,EHA105
FirstpVS1ThreeE220K,0.657944754,pVS1_1,EHA105
FirstpVS1ThreeE222V,0.790301123,pVS1_1,EHA105
FirstpVS1ThreeG111D,0.581936089,pVS1_1,EHA105
FirstpVS1ThreeG131D,0.564193984,pVS1_1,EHA105
FirstpVS1ThreeG256D,0.40932175,pVS1_1,EHA105
FirstpVS1ThreeH201L,0.471520888,pVS1_1,EHA105
FirstpVS1ThreeK299N,0.128172032,pVS1_1,EHA105
FirstpVS1ThreeK310Q,0.786827255,pVS1_1,EHA105
FirstpVS1ThreeR106H,0.389771007,pVS1_1,EHA105
FirstpVS1ThreeR227S,0.702266428,pVS1_1,EHA105
FirstpVS1ThreeS126Y,1.158518697,pVS1_1,EHA105
FirstpVS1ThreeT199N,0.244461571,pVS1_1,EHA105
FirstpVS1ThreeV218G,0.491181197,pVS1_1,EHA105
FirstpVS1ThreeWT,0.523497082,pVS1_1,EHA105
FirstpVS1TwoA223V,0.333163553,pVS1_1,EHA105
FirstpVS1TwoA246V,0.434295884,pVS1_1,EHA105
FirstpVS1TwoE220K,0.48387566,pVS1_1,EHA105
FirstpVS1TwoE222V,0.549961297,pVS1_1,EHA105
FirstpVS1TwoG111D,0.485210145,pVS1_1,EHA105
FirstpVS1TwoG131D,0.984557867,pVS1_1,EHA105
FirstpVS1TwoG256D,0.455324832,pVS1_1,EHA105
FirstpVS1TwoH201L,0.352958555,pVS1_1,EHA105
FirstpVS1TwoK299N,0.709872649,pVS1_1,EHA105
FirstpVS1TwoK310Q,0.875649538,pVS1_1,EHA105
FirstpVS1TwoR106H,0.415957856,pVS1_1,EHA105
FirstpVS1TwoR227S,0.565489994,pVS1_1,EHA105
FirstpVS1TwoS126Y,0.397110064,pVS1_1,EHA105
FirstpVS1TwoT199N,0.918213808,pVS1_1,EHA105
FirstpVS1TwoV218G,0.9047102,pVS1_1,EHA105
FirstpVS1TwoWT,0.300229425,pVS1_1,EHA105
G141DFiveBBR1,0.504537906,BBR1,EHA105
G141DFourBBR1,0.355603721,BBR1,EHA105
G141DOneBBR1,0.478273764,BBR1,EHA105
G141DSixBBR1,0.280484059,BBR1,EHA105
G141DThreeBBR1,0.259939703,BBR1,EHA105
G141DTwoBBR1,0.32100019,BBR1,EHA105
H130NFiveBBR1,0.416605484,BBR1,EHA105
H130NFourBBR1,0.363071997,BBR1,EHA105
H130NOneBBR1,0.461691356,BBR1,EHA105
H130NSixBBR1,0.712185294,BBR1,EHA105
H130NThreeBBR1,0.390276649,BBR1,EHA105
H130NTwoBBR1,0.491360807,BBR1,EHA105
I288KFiveRK2,0.437761533,RK2,EHA105
I288KFourRK2,0.331561373,RK2,EHA105
I288KOneRK2,0.3838113,RK2,EHA105
I288KSixRK2,0.3232291,RK2,EHA105
I288KThreeRK2,0.259438174,RK2,EHA105
I288KTwoRK2,0.451657413,RK2,EHA105
I305KFiveRK2,0.125621533,RK2,EHA105
I305KFourRK2,0.162538006,RK2,EHA105
I305KOneRK2,0.254559257,RK2,EHA105
I305KSixRK2,0.225950994,RK2,EHA105
I305KThreeRK2,0.235627563,RK2,EHA105
I305KTwoRK2,0.149282432,RK2,EHA105
K155NFivepSa,0.486907032,pSa,EHA105
K155NFourpSa,0.760424538,pSa,EHA105
K155NOnepSa,0.254847767,pSa,EHA105
K155NSixpSa,0.550410365,pSa,EHA105
K155NThreepSa,0.211968009,pSa,EHA105
K155NTwopSa,0.406461503,pSa,EHA105
K66QFiveBBR1,0.201443381,BBR1,EHA105
K66QFourBBR1,0.251380939,BBR1,EHA105
K66QOneBBR1,0.391520109,BBR1,EHA105
K66QThreeBBR1,0.262671459,BBR1,EHA105
K66QTwoBBR1,0.230366527,BBR1,EHA105
K92LFiveBBR1,0.322000519,BBR1,EHA105
K92LFourBBR1,0.386283406,BBR1,EHA105
K92LOneBBR1,0.318015269,BBR1,EHA105
K92LSixBBR1,0.28228763,BBR1,EHA105
K92LThreeBBR1,0.228371495,BBR1,EHA105
K92LTwoBBR1,0.129173303,BBR1,EHA105
L138FFiveBBR1,0.272412819,BBR1,EHA105
L138FFourBBR1,0.502827283,BBR1,EHA105
L138FOneBBR1,0.191256968,BBR1,EHA105
L138FSixBBR1,0.246420338,BBR1,EHA105
L138FThreeBBR1,0.302977733,BBR1,EHA105
L138FTwoBBR1,0.415468617,BBR1,EHA105
N150IFivepSa,0.715501617,pSa,EHA105
N150IFourpSa,0.548220997,pSa,EHA105
N150IOnepSa,0.267180628,pSa,EHA105
N150ISixpSa,0.353825649,pSa,EHA105
N150IThreepSa,0.909748041,pSa,EHA105
N150ITwopSa,0.387085369,pSa,EHA105
N174DFiveRK2,0.091974103,RK2,EHA105
N174DFourRK2,0.077478307,RK2,EHA105
N174DOneRK2,0.182615889,RK2,EHA105
N174DSixRK2,0.073958626,RK2,EHA105
N174DThreeRK2,0.053589242,RK2,EHA105
N174DTwoRK2,0.093145119,RK2,EHA105
N181HFiveRK2,0.206006414,RK2,EHA105
N181HFourRK2,0.318731149,RK2,EHA105
N181HOneRK2,0.416342596,RK2,EHA105
N181HSixRK2,0.22752314,RK2,EHA105
N181HThreeRK2,0.390371269,RK2,EHA105
N181HTwoRK2,0.238072782,RK2,EHA105
P166SFivepSa,0.614123672,pSa,EHA105
P166SFourpSa,0.792034879,pSa,EHA105
P166SOnepSa,0.549350441,pSa,EHA105
P166SSixpSa,0.664607892,pSa,EHA105
P166SThreepSa,0.788747314,pSa,EHA105
P166STwopSa,0.64523176,pSa,EHA105
P63HFiveRK2,0.147345041,RK2,EHA105
P63HFourRK2,0.611942841,RK2,EHA105
P63HOneRK2,0.233126067,RK2,EHA105
P63HSixRK2,0.332188841,RK2,EHA105
P63HThreeRK2,0.500066391,RK2,EHA105
P63HTwoRK2,0.52014772,RK2,EHA105
P70TFivepSa,0.343275746,pSa,EHA105
P70TFourpSa,0.184526924,pSa,EHA105
P70TOnepSa,0.464040909,pSa,EHA105
P70TSixpSa,0.4994991,pSa,EHA105
P70TThreepSa,0.525473909,pSa,EHA105
P70TTwopSa,0.509037551,pSa,EHA105
P96LFiveBBR1,0.380208915,BBR1,EHA105
P96LFourBBR1,0.197984821,BBR1,EHA105
P96LOneBBR1,0.525520183,BBR1,EHA105
P96LSixBBR1,0.612603687,BBR1,EHA105
P96LThreeBBR1,0.287032673,BBR1,EHA105
P96LTwoBBR1,0.668253018,BBR1,EHA105
Q173RFiveRK2,0.127014564,RK2,EHA105
Q173RFourRK2,0.089000916,RK2,EHA105
Q173ROneRK2,0.16985372,RK2,EHA105
Q173RSixRK2,0.10165434,RK2,EHA105
Q173RThreeRK2,0.141876094,RK2,EHA105
Q173RTwoRK2,0.293473171,RK2,EHA105
Q60StopFiveRK2,0.46035376,RK2,EHA105
Q60StopFourRK2,0.328053891,RK2,EHA105
Q60StopOneRK2,0.184545504,RK2,EHA105
Q60StopSixRK2,0.703980043,RK2,EHA105
Q60StopThreeRK2,0.675089074,RK2,EHA105
Q60StopTwoRK2,0.320989385,RK2,EHA105
R119SFivepSa,1.153983607,pSa,EHA105
R119SFourpSa,0.768763832,pSa,EHA105
R119SOnepSa,0.397843646,pSa,EHA105
R119SSixpSa,0.58623774,pSa,EHA105
R119SThreepSa,0.550681307,pSa,EHA105
R119STwopSa,0.424248671,pSa,EHA105
R11GFiveRK2,0.278071824,RK2,EHA105
R11GFourRK2,0.426866932,RK2,EHA105
R11GOneRK2,0.253140535,RK2,EHA105
R11GSixRK2,0.102614203,RK2,EHA105
R11GThreeRK2,0.440892964,RK2,EHA105
R11GTwoRK2,0.185254892,RK2,EHA105
R125LFivepSa,0.500203758,pSa,EHA105
R125LFourpSa,0.51559759,pSa,EHA105
R125LOnepSa,0.585725202,pSa,EHA105
R125LSixpSa,0.714528748,pSa,EHA105
R125LThreepSa,0.395586063,pSa,EHA105
R125LTwopSa,0.304165051,pSa,EHA105
R165WFivepSa,0.362572361,pSa,EHA105
R165WFourpSa,0.372239953,pSa,EHA105
R165WOnepSa,0.563308537,pSa,EHA105
R165WSixpSa,0.340486981,pSa,EHA105
R165WThreepSa,0.641915952,pSa,EHA105
R165WTwopSa,0.425394534,pSa,EHA105
R271SFiveRK2,0.089232541,RK2,EHA105
R271SFourRK2,0.090814859,RK2,EHA105
R271SOneRK2,0.107001556,RK2,EHA105
R271SSixRK2,0.052829204,RK2,EHA105
R271SThreeRK2,0.07824549,RK2,EHA105
R271STwoRK2,0.08944438,RK2,EHA105
R28CFivepSa,0.310006636,pSa,EHA105
R28CFourpSa,0.169929833,pSa,EHA105
R28COnepSa,0.126460387,pSa,EHA105
R28CSixpSa,0.18025163,pSa,EHA105
R28CThreepSa,0.243410012,pSa,EHA105
R28CTwopSa,0.325983979,pSa,EHA105
R75LFiveRK2,0.188954319,RK2,EHA105
R75LFourRK2,0.508456302,RK2,EHA105
R75LOneRK2,0.277666332,RK2,EHA105
R75LSixRK2,0.467600381,RK2,EHA105
R75LThreeRK2,0.266704609,RK2,EHA105
R75LTwoRK2,0.502351381,RK2,EHA105
S100LFiveBBR1,0.434367645,BBR1,EHA105
S100LFourBBR1,0.378311315,BBR1,EHA105
S100LOneBBR1,0.592503449,BBR1,EHA105
S100LSixBBR1,0.201517572,BBR1,EHA105
S100LThreeBBR1,0.246689064,BBR1,EHA105
S100LTwoBBR1,0.306485573,BBR1,EHA105
S136TFiveRK2,0.472157634,RK2,EHA105
S136TFourRK2,0.208824391,RK2,EHA105
S136TOneRK2,0.272414307,RK2,EHA105
S136TSixRK2,0.346851669,RK2,EHA105
S136TThreeRK2,0.304773847,RK2,EHA105
S136TTwoRK2,0.393995749,RK2,EHA105
S137LFivepSa,0.550356577,pSa,EHA105
S137LFourpSa,0.955992052,pSa,EHA105
S137LOnepSa,0.589267291,pSa,EHA105
S137LSixpSa,0.35496828,pSa,EHA105
S137LThreepSa,0.352303889,pSa,EHA105
S137LTwopSa,0.405115533,pSa,EHA105
S20FFiveRK2,0.297144613,RK2,EHA105
S20FFourRK2,0.47627748,RK2,EHA105
S20FOneRK2,0.316945385,RK2,EHA105
S20FSixRK2,0.279271769,RK2,EHA105
S20FThreeRK2,0.208477531,RK2,EHA105
S20FTwoRK2,0.522850343,RK2,EHA105
SecondpVS1FiveA223V,0.280579257,pVS1_2,EHA105
SecondpVS1FiveA246V,0.166407147,pVS1_2,EHA105
SecondpVS1FiveE220K,0.645072693,pVS1_2,EHA105
SecondpVS1FiveE222V,0.359023469,pVS1_2,EHA105
SecondpVS1FiveG111D,0.288115461,pVS1_2,EHA105
SecondpVS1FiveG131D,0.263065204,pVS1_2,EHA105
SecondpVS1FiveG256D,0.250622026,pVS1_2,EHA105
SecondpVS1FiveH201L,0.451020077,pVS1_2,EHA105
SecondpVS1FiveK299N,0.495634826,pVS1_2,EHA105
SecondpVS1FiveK310Q,0.210576785,pVS1_2,EHA105
SecondpVS1FiveR106H,0.323368386,pVS1_2,EHA105
SecondpVS1FiveR227S,0.193795392,pVS1_2,EHA105
SecondpVS1FiveS126Y,0.5001977,pVS1_2,EHA105
SecondpVS1FiveT199N,0.491983473,pVS1_2,EHA105
SecondpVS1FiveV218G,0.509270799,pVS1_2,EHA105
SecondpVS1FiveWT,0.55003029,pVS1_2,EHA105
SecondpVS1FourA223V,0.355866038,pVS1_2,EHA105
SecondpVS1FourA246V,0.343896395,pVS1_2,EHA105
SecondpVS1FourE220K,0.594616513,pVS1_2,EHA105
SecondpVS1FourE222V,0.390700584,pVS1_2,EHA105
SecondpVS1FourG111D,0.537250942,pVS1_2,EHA105
SecondpVS1FourG131D,0.219567484,pVS1_2,EHA105
SecondpVS1FourG256D,0.26472489,pVS1_2,EHA105
SecondpVS1FourH201L,0.279009232,pVS1_2,EHA105
SecondpVS1FourK299N,0.137129501,pVS1_2,EHA105
SecondpVS1FourK310Q,0.242789054,pVS1_2,EHA105
SecondpVS1FourR106H,0.243217894,pVS1_2,EHA105
SecondpVS1FourR227S,0.485445431,pVS1_2,EHA105
SecondpVS1FourS126Y,0.656683229,pVS1_2,EHA105
SecondpVS1FourT199N,0.354025469,pVS1_2,EHA105
SecondpVS1FourV218G,0.274812838,pVS1_2,EHA105
SecondpVS1FourWT,0.448029588,pVS1_2,EHA105
SecondpVS1OneA223V,0.254707821,pVS1_2,EHA105
SecondpVS1OneA246V,0.313281344,pVS1_2,EHA105
SecondpVS1OneE220K,0.177886332,pVS1_2,EHA105
SecondpVS1OneE222V,0.312783099,pVS1_2,EHA105
SecondpVS1OneG111D,0.341897447,pVS1_2,EHA105
SecondpVS1OneG131D,0.251941321,pVS1_2,EHA105
SecondpVS1OneG256D,0.261063184,pVS1_2,EHA105
SecondpVS1OneH201L,0.364733178,pVS1_2,EHA105
SecondpVS1OneK299N,0.422161422,pVS1_2,EHA105
SecondpVS1OneK310Q,0.222849616,pVS1_2,EHA105
SecondpVS1OneR106H,0.473172307,pVS1_2,EHA105
SecondpVS1OneR227S,0.501915234,pVS1_2,EHA105
SecondpVS1OneS126Y,0.361805588,pVS1_2,EHA105
SecondpVS1OneT199N,0.639509635,pVS1_2,EHA105
SecondpVS1OneV218G,0.244445451,pVS1_2,EHA105
SecondpVS1OneWT,0.215764664,pVS1_2,EHA105
SecondpVS1ThreeA223V,0.320787183,pVS1_2,EHA105
SecondpVS1ThreeA246V,0.140722232,pVS1_2,EHA105
SecondpVS1ThreeE220K,0.372971495,pVS1_2,EHA105
SecondpVS1ThreeE222V,0.196198841,pVS1_2,EHA105
SecondpVS1ThreeG111D,0.509342021,pVS1_2,EHA105
SecondpVS1ThreeG131D,0.42379318,pVS1_2,EHA105
SecondpVS1ThreeG256D,0.529422982,pVS1_2,EHA105
SecondpVS1ThreeH201L,0.210706824,pVS1_2,EHA105
SecondpVS1ThreeK299N,0.644773422,pVS1_2,EHA105
SecondpVS1ThreeK310Q,0.1991345,pVS1_2,EHA105
SecondpVS1ThreeR106H,0.282420378,pVS1_2,EHA105
SecondpVS1ThreeR227S,0.601247654,pVS1_2,EHA105
SecondpVS1ThreeS126Y,0.514653035,pVS1_2,EHA105
SecondpVS1ThreeT199N,0.304069634,pVS1_2,EHA105
SecondpVS1ThreeV218G,0.320186338,pVS1_2,EHA105
SecondpVS1ThreeWT,0.25092865,pVS1_2,EHA105
SecondpVS1TwoA223V,0.551867866,pVS1_2,EHA105
SecondpVS1TwoA246V,0.202556038,pVS1_2,EHA105
SecondpVS1TwoE220K,0.315151339,pVS1_2,EHA105
SecondpVS1TwoE222V,0.217086495,pVS1_2,EHA105
SecondpVS1TwoG111D,0.556336726,pVS1_2,EHA105
SecondpVS1TwoG131D,0.41649277,pVS1_2,EHA105
SecondpVS1TwoG256D,0.450591637,pVS1_2,EHA105
SecondpVS1TwoH201L,0.154813295,pVS1_2,EHA105
SecondpVS1TwoK299N,0.352046505,pVS1_2,EHA105
SecondpVS1TwoK310Q,0.427138119,pVS1_2,EHA105
SecondpVS1TwoR106H,0.544453553,pVS1_2,EHA105
SecondpVS1TwoR227S,0.399817063,pVS1_2,EHA105
SecondpVS1TwoS126Y,0.184235819,pVS1_2,EHA105
SecondpVS1TwoT199N,0.264517699,pVS1_2,EHA105
SecondpVS1TwoV218G,0.170063874,pVS1_2,EHA105
SecondpVS1TwoWT,0.434409085,pVS1_2,EHA105
T148AFiveBBR1,0.345637792,BBR1,EHA105
T148AFourBBR1,0.390418279,BBR1,EHA105
T148AOneBBR1,0.82356,BBR1,EHA105
T148ASixBBR1,0.403084429,BBR1,EHA105
T148AThreeBBR1,0.547753427,BBR1,EHA105
T148ATwoBBR1,0.575444128,BBR1,EHA105
T251MFiveRK2,0.327486255,RK2,EHA105
T251MFourRK2,0.39293654,RK2,EHA105
T251MOneRK2,0.56501703,RK2,EHA105
T251MSixRK2,0.558343819,RK2,EHA105
T251MThreeRK2,0.370327173,RK2,EHA105
T251MTwoRK2,0.138019606,RK2,EHA105
T74MFiveBBR1,0.222230045,BBR1,EHA105
T74MFourBBR1,0.402061139,BBR1,EHA105
T74MOneBBR1,0.235319154,BBR1,EHA105
T74MSixBBR1,0.3347421,BBR1,EHA105
T74MThreeBBR1,0.220205354,BBR1,EHA105
T74MTwoBBR1,0.254458439,BBR1,EHA105
ThirdpVS1EightWT,0.418168849,pVS1_3,EHA105
ThirdpVS1FiveA223V,0.421757173,pVS1_3,EHA105
ThirdpVS1FiveA246V,0.444037814,pVS1_3,EHA105
ThirdpVS1FiveE220K,0.509654283,pVS1_3,EHA105
ThirdpVS1FiveE222V,0.380610388,pVS1_3,EHA105
ThirdpVS1FiveG111D,0.577207078,pVS1_3,EHA105
ThirdpVS1FiveG131D,0.6184832,pVS1_3,EHA105
ThirdpVS1FiveG256D,0.51673056,pVS1_3,EHA105
ThirdpVS1FiveG356D,0.590895651,pVS1_3,EHA105
ThirdpVS1FiveH201L,0.268077977,pVS1_3,EHA105
ThirdpVS1FiveK181G,0.5973453,pVS1_3,EHA105
ThirdpVS1FiveK299N,0.597746711,pVS1_3,EHA105
ThirdpVS1FiveK310Q,0.474531066,pVS1_3,EHA105
ThirdpVS1FiveN181H,0.668575597,pVS1_3,EHA105
ThirdpVS1FiveR106H,0.539491251,pVS1_3,EHA105
ThirdpVS1FiveR227S,0.532716913,pVS1_3,EHA105
ThirdpVS1FiveS126Y,0.402609775,pVS1_3,EHA105
ThirdpVS1FiveT199N,0.60550914,pVS1_3,EHA105
ThirdpVS1FiveV218G,0.727215608,pVS1_3,EHA105
ThirdpVS1FiveWT,0.316355334,pVS1_3,EHA105
ThirdpVS1FourA223V,0.231447631,pVS1_3,EHA105
ThirdpVS1FourA246V,0.316300078,pVS1_3,EHA105
ThirdpVS1FourE220K,0.363414441,pVS1_3,EHA105
ThirdpVS1FourE222V,0.325760209,pVS1_3,EHA105
ThirdpVS1FourG111D,0.653604035,pVS1_3,EHA105
ThirdpVS1FourG131D,0.594242853,pVS1_3,EHA105
ThirdpVS1FourG256D,0.649241875,pVS1_3,EHA105
ThirdpVS1FourG356D,0.564947076,pVS1_3,EHA105
ThirdpVS1FourH201L,0.34898349,pVS1_3,EHA105
ThirdpVS1FourK181G,0.279344145,pVS1_3,EHA105
ThirdpVS1FourK299N,0.774348562,pVS1_3,EHA105
ThirdpVS1FourK310Q,0.331531895,pVS1_3,EHA105
ThirdpVS1FourN181H,0.651130735,pVS1_3,EHA105
ThirdpVS1FourR106H,0.45654447,pVS1_3,EHA105
ThirdpVS1FourR227S,0.523718063,pVS1_3,EHA105
ThirdpVS1FourS126Y,0.780840998,pVS1_3,EHA105
ThirdpVS1FourT199N,0.611747672,pVS1_3,EHA105
ThirdpVS1FourV218G,0.451971723,pVS1_3,EHA105
ThirdpVS1FourWT,0.573687024,pVS1_3,EHA105
ThirdpVS1NineWT,0.587569324,pVS1_3,EHA105
ThirdpVS1OneA223V,0.959181967,pVS1_3,EHA105
ThirdpVS1OneA246V,0.555852792,pVS1_3,EHA105
ThirdpVS1OneE220K,0.601711084,pVS1_3,EHA105
ThirdpVS1OneE222V,0.36816894,pVS1_3,EHA105
ThirdpVS1OneG111D,0.290857103,pVS1_3,EHA105
ThirdpVS1OneG131D,0.423974077,pVS1_3,EHA105
ThirdpVS1OneG256D,0.423895903,pVS1_3,EHA105
ThirdpVS1OneG356D,0.464084483,pVS1_3,EHA105
ThirdpVS1OneH201L,0.343365878,pVS1_3,EHA105
ThirdpVS1OneK181G,0.29823261,pVS1_3,EHA105
ThirdpVS1OneK299N,0.390206467,pVS1_3,EHA105
ThirdpVS1OneK310Q,0.576379031,pVS1_3,EHA105
ThirdpVS1OneN181H,0.475752411,pVS1_3,EHA105
ThirdpVS1OneR106H,0.297125169,pVS1_3,EHA105
ThirdpVS1OneR227S,0.347115204,pVS1_3,EHA105
ThirdpVS1OneS126Y,0.392943375,pVS1_3,EHA105
ThirdpVS1OneT199N,0.3366661,pVS1_3,EHA105
ThirdpVS1OneV218G,0.477211005,pVS1_3,EHA105
ThirdpVS1OneWT,0.436367307,pVS1_3,EHA105
ThirdpVS1SevenWT,0.567583725,pVS1_3,EHA105
ThirdpVS1SixA223V,0.184078875,pVS1_3,EHA105
ThirdpVS1SixE220K,0.498262179,pVS1_3,EHA105
ThirdpVS1SixE222V,0.323779279,pVS1_3,EHA105
ThirdpVS1SixG111D,0.419666816,pVS1_3,EHA105
ThirdpVS1SixG131D,0.344684359,pVS1_3,EHA105
ThirdpVS1SixG256D,0.896187264,pVS1_3,EHA105
ThirdpVS1SixG356D,0.269465307,pVS1_3,EHA105
ThirdpVS1SixH201L,0.286171481,pVS1_3,EHA105
ThirdpVS1SixK181G,0.635644014,pVS1_3,EHA105
ThirdpVS1SixK299N,0.325381158,pVS1_3,EHA105
ThirdpVS1SixK310Q,0.414463365,pVS1_3,EHA105
ThirdpVS1SixN181H,0.268046489,pVS1_3,EHA105
ThirdpVS1SixR106H,0.431164443,pVS1_3,EHA105
ThirdpVS1SixR227S,0.292690334,pVS1_3,EHA105
ThirdpVS1SixS126Y,0.644397036,pVS1_3,EHA105
ThirdpVS1SixT199N,0.735690201,pVS1_3,EHA105
ThirdpVS1SixV218G,0.777468864,pVS1_3,EHA105
ThirdpVS1SixWT,0.474584104,pVS1_3,EHA105
ThirdpVS1ThreeA223V,0.284841489,pVS1_3,EHA105
ThirdpVS1ThreeA246V,0.446934783,pVS1_3,EHA105
ThirdpVS1ThreeE220K,0.28014025,pVS1_3,EHA105
ThirdpVS1ThreeE222V,0.729806623,pVS1_3,EHA105
ThirdpVS1ThreeG111D,0.330179954,pVS1_3,EHA105
ThirdpVS1ThreeG131D,0.668048624,pVS1_3,EHA105
ThirdpVS1ThreeG256D,0.495365617,pVS1_3,EHA105
ThirdpVS1ThreeG356D,0.436453791,pVS1_3,EHA105
ThirdpVS1ThreeH201L,0.342930327,pVS1_3,EHA105
ThirdpVS1ThreeK181G,0.453527458,pVS1_3,EHA105
ThirdpVS1ThreeK299N,0.62402136,pVS1_3,EHA105
ThirdpVS1ThreeK310Q,0.472811479,pVS1_3,EHA105
ThirdpVS1ThreeN181H,0.391399469,pVS1_3,EHA105
ThirdpVS1ThreeR106H,0.63128656,pVS1_3,EHA105
ThirdpVS1ThreeR227S,0.213143062,pVS1_3,EHA105
ThirdpVS1ThreeS126Y,0.344038768,pVS1_3,EHA105
ThirdpVS1ThreeT199N,0.259258675,pVS1_3,EHA105
ThirdpVS1ThreeV218G,0.523731888,pVS1_3,EHA105
ThirdpVS1ThreeWT,0.462814328,pVS1_3,EHA105
ThirdpVS1TwoA223V,0.776578405,pVS1_3,EHA105
ThirdpVS1TwoA246V,0.669532784,pVS1_3,EHA105
ThirdpVS1TwoE220K,0.383135804,pVS1_3,EHA105
ThirdpVS1TwoE222V,0.661011466,pVS1_3,EHA105
ThirdpVS1TwoG111D,0.555795407,pVS1_3,EHA105
ThirdpVS1TwoG131D,0.229940555,pVS1_3,EHA105
ThirdpVS1TwoG256D,0.812588316,pVS1_3,EHA105
ThirdpVS1TwoG356D,0.559659781,pVS1_3,EHA105
ThirdpVS1TwoH201L,0.316519924,pVS1_3,EHA105
ThirdpVS1TwoK181G,0.467188711,pVS1_3,EHA105
ThirdpVS1TwoK299N,0.252316733,pVS1_3,EHA105
ThirdpVS1TwoK310Q,0.507667931,pVS1_3,EHA105
ThirdpVS1TwoN181H,0.547300614,pVS1_3,EHA105
ThirdpVS1TwoR106H,0.457967639,pVS1_3,EHA105
ThirdpVS1TwoR227S,0.364562704,pVS1_3,EHA105
ThirdpVS1TwoS126Y,0.730656688,pVS1_3,EHA105
ThirdpVS1TwoT199N,0.208360545,pVS1_3,EHA105
ThirdpVS1TwoV218G,0.23288637,pVS1_3,EHA105
ThirdpVS1TwoWT,0.593778538,pVS1_3,EHA105
Trunc2FiveRK2,0.333780634,RK2,EHA105
Trunc2FourRK2,0.414337102,RK2,EHA105
Trunc2OneRK2,0.286419278,RK2,EHA105
Trunc2SixRK2,0.408672082,RK2,EHA105
Trunc2ThreeRK2,0.685938313,RK2,EHA105
Trunc2TwoRK2,1.211564753,RK2,EHA105
V128IFiveBBR1,0.538559582,BBR1,EHA105
V128IFourBBR1,0.194906856,BBR1,EHA105
V128IOneBBR1,0.446689751,BBR1,EHA105
V128ISixBBR1,0.315267534,BBR1,EHA105
V128IThreeBBR1,0.281513241,BBR1,EHA105
V128ITwoBBR1,0.396329361,BBR1,EHA105
V152FFivepSa,0.391027479,pSa,EHA105
V152FFourpSa,0.372621841,pSa,EHA105
V152FOnepSa,0.432792444,pSa,EHA105
V152FSixpSa,0.440856175,pSa,EHA105
V152FThreepSa,0.348190259,pSa,EHA105
V152FTwopSa,0.809740049,pSa,EHA105
V191AFiveRK2,0.235765067,RK2,EHA105
V191AFourRK2,0.109956535,RK2,EHA105
V191AOneRK2,0.122948959,RK2,EHA105
V191ASixRK2,0.13972524,RK2,EHA105
V191AThreeRK2,0.160674255,RK2,EHA105
V191ATwoRK2,0.192411216,RK2,EHA105
V91MFiveBBR1,0.221266474,BBR1,EHA105
V91MFourBBR1,0.361482287,BBR1,EHA105
V91MOneBBR1,0.194974739,BBR1,EHA105
V91MSixBBR1,0.573700532,BBR1,EHA105
V91MThreeBBR1,0.218667278,BBR1,EHA105
V91MTwoBBR1,0.590859506,BBR1,EHA105
W172RFivepSa,0.225057667,pSa,EHA105
W172RFourpSa,0.508489408,pSa,EHA105
W172ROnepSa,0.573559701,pSa,EHA105
W172RSixpSa,0.69986731,pSa,EHA105
W172RThreepSa,0.429658522,pSa,EHA105
W172RTwopSa,0.350225375,pSa,EHA105
W99LFiveBBR1,0.225560096,BBR1,EHA105
W99LFourBBR1,0.261136214,BBR1,EHA105
W99LOneBBR1,0.405085954,BBR1,EHA105
W99LSixBBR1,0.380219305,BBR1,EHA105
W99LThreeBBR1,0.233224595,BBR1,EHA105
W99LTwoBBR1,0.417449838,BBR1,EHA105
WTEightBBR1,0.415482679,BBR1,EHA105
WTFiveBBR1,0.625481195,BBR1,EHA105
WTFiveRK2,0.249596129,RK2,EHA105
WTFivepSa,0.804368681,pSa,EHA105
WTFourBBR1,0.56999944,BBR1,EHA105
WTFourRK2,0.384542776,RK2,EHA105
WTFourpSa,0.71704247,pSa,EHA105
WTOneBBR1,0.442053011,BBR1,EHA105
WTOneRK2,0.465665599,RK2,EHA105
WTOnepSa,0.289304907,pSa,EHA105
WTSevenBBR1,0.381853805,BBR1,EHA105
WTSixBBR1,0.412989341,BBR1,EHA105
WTSixRK2,0.202634974,RK2,EHA105
WTSixpSa,0.639336303,pSa,EHA105
WTThreeBBR1,0.514144204,BBR1,EHA105
WTThreeRK2,0.652128478,RK2,EHA105
WTThreepSa,0.543496954,pSa,EHA105
WTTwoBBR1,0.533604145,BBR1,EHA105
WTTwoRK2,0.518299737,RK2,EHA105
WTTwopSa,0.449204318,pSa,EHA105
NA,0.265433268,2022_05_30_PC4_GFP,GV3101
NA,0.436093713,2022_06_06_PC4_GFP,GV3101
NA,0.230191936,2022_06_13_PC4_GFP,GV3101
NA,0.270712358,2022_07_25_PC4_GFP,GV3101
NA,0.612530956,2022_08_08_PC4_GFP,GV3101
NA,0.372694205,2022_09_05_PC4_GFP,GV3101
NA,0.179624771,2022_09_12_PC4_GFP,GV3101
NA,0.295649668,2022_09_19_PC4_GFP,GV3101
NA,0.155398882,2022_10_17_PC4_GFP,GV3101
NA,0.270269756,2022_11_07_PC4_GFP,GV3101
NA,0.231529534,2022_12_05_PC4_GFP,GV3101
NA,0.104264942,2023_01_09_PC4_GFP,GV3101
NA,0.208409021,2023_02_06_PC4_GFP,GV3101
NA,0.153847652,2023_05_30_PC4_GFP,GV3101
NA,0.224764839,2023_07_03_PC4_GFP,GV3101
NA,0.175571835,2022_05_30_PC4_GFP,GV3101
NA,0.499164912,2022_06_06_PC4_GFP,GV3101
NA,0.445094887,2022_06_13_PC4_GFP,GV3101
NA,0.277532441,2022_07_25_PC4_GFP,GV3101
NA,0.595966283,2022_08_08_PC4_GFP,GV3101
NA,0.184560095,2022_09_05_PC4_GFP,GV3101
NA,0.290326065,2022_09_12_PC4_GFP,GV3101
NA,0.415429792,2022_09_19_PC4_GFP,GV3101
NA,0.163952975,2022_10_17_PC4_GFP,GV3101
NA,0.340482741,2022_11_07_PC4_GFP,GV3101
NA,0.217464183,2022_12_05_PC4_GFP,GV3101
NA,0.132960894,2023_01_09_PC4_GFP,GV3101
NA,0.214484537,2023_02_06_PC4_GFP,GV3101
NA,0.194316223,2023_05_30_PC4_GFP,GV3101
NA,0.133522558,2023_07_03_PC4_GFP,GV3101
NA,0.433063155,2022_05_30_PC4_GFP,GV3101
NA,0.206530881,2022_06_06_PC4_GFP,GV3101
NA,0.215857866,2022_06_13_PC4_GFP,GV3101
NA,0.184533148,2022_07_25_PC4_GFP,GV3101
NA,0.230115816,2022_08_08_PC4_GFP,GV3101
NA,0.238252156,2022_09_05_PC4_GFP,GV3101
NA,0.227184912,2022_09_12_PC4_GFP,GV3101
NA,0.340949513,2022_09_19_PC4_GFP,GV3101
NA,0.338066034,2022_10_17_PC4_GFP,GV3101
NA,0.287472583,2022_11_07_PC4_GFP,GV3101
NA,0.253458015,2022_12_05_PC4_GFP,GV3101
NA,0.151799979,2023_01_09_PC4_GFP,GV3101
NA,0.165211315,2023_02_06_PC4_GFP,GV3101
NA,0.148740808,2023_05_30_PC4_GFP,GV3101
NA,0.164135109,2023_07_03_PC4_GFP,GV3101
NA,0.375595451,2022_05_30_PC4_GFP,GV3101
NA,0.427068001,2022_06_06_PC4_GFP,GV3101
NA,0.154982511,2022_06_13_PC4_GFP,GV3101
NA,0.331627021,2022_07_25_PC4_GFP,GV3101
NA,0.401399855,2022_08_08_PC4_GFP,GV3101
NA,0.239442926,2022_09_05_PC4_GFP,GV3101
NA,0.145543403,2022_09_12_PC4_GFP,GV3101
NA,0.209174236,2022_09_19_PC4_GFP,GV3101
NA,0.318306579,2022_10_17_PC4_GFP,GV3101
NA,0.099663992,2022_11_07_PC4_GFP,GV3101
NA,0.286529098,2022_12_05_PC4_GFP,GV3101
NA,0.370965613,2023_01_09_PC4_GFP,GV3101
NA,0.249135032,2023_02_06_PC4_GFP,GV3101
NA,0.20379875,2023_05_30_PC4_GFP,GV3101
NA,0.380992366,2023_07_03_PC4_GFP,GV3101
NA,0.171476818,2022_05_30_PC4_GFP,GV3101
NA,0.561146316,2022_06_06_PC4_GFP,GV3101
NA,0.130229699,2022_06_13_PC4_GFP,GV3101
NA,0.385799501,2022_07_25_PC4_GFP,GV3101
NA,0.53139057,2022_08_08_PC4_GFP,GV3101
NA,0.19486449,2022_09_05_PC4_GFP,GV3101
NA,0.291038148,2022_09_12_PC4_GFP,GV3101
NA,0.143923981,2022_09_19_PC4_GFP,GV3101
NA,0.144152514,2022_10_17_PC4_GFP,GV3101
NA,0.104704129,2022_11_07_PC4_GFP,GV3101
NA,0.286876953,2022_12_05_PC4_GFP,GV3101
NA,0.131201423,2023_01_09_PC4_GFP,GV3101
NA,0.282830352,2023_02_06_PC4_GFP,GV3101
NA,0.176979431,2023_05_30_PC4_GFP,GV3101
NA,0.18178453,2023_07_03_PC4_GFP,GV3101
NA,0.249728433,2022_05_30_PC4_GFP,GV3101
NA,0.217951062,2022_07_25_PC4_GFP,GV3101
NA,0.185978683,2022_08_08_PC4_GFP,GV3101
NA,0.126282481,2022_09_05_PC4_GFP,GV3101
NA,0.357147613,2022_09_12_PC4_GFP,GV3101
NA,0.347920063,2022_09_19_PC4_GFP,GV3101
NA,0.111520178,2022_10_17_PC4_GFP,GV3101
NA,0.292523985,2022_11_07_PC4_GFP,GV3101
NA,0.306904825,2022_12_05_PC4_GFP,GV3101
NA,0.124027594,2023_01_09_PC4_GFP,GV3101
NA,0.117191976,2023_02_06_PC4_GFP,GV3101
NA,0.194016177,2023_05_30_PC4_GFP,GV3101
NA,0.240438291,2023_07_03_PC4_GFP,GV3101
NA,0.244000616,2022_05_30_PC4_GFP,GV3101
NA,0.182013782,2022_07_25_PC4_GFP,GV3101
NA,0.649755532,2022_08_08_PC4_GFP,GV3101
NA,0.252050292,2022_09_05_PC4_GFP,GV3101
NA,0.351331338,2022_09_12_PC4_GFP,GV3101
NA,0.187323401,2022_09_19_PC4_GFP,GV3101
NA,0.178986144,2022_10_17_PC4_GFP,GV3101
NA,0.171684467,2022_11_07_PC4_GFP,GV3101
NA,0.149794642,2022_12_05_PC4_GFP,GV3101
NA,0.13518112,2023_01_09_PC4_GFP,GV3101
NA,0.193703527,2023_02_06_PC4_GFP,GV3101
NA,0.237573913,2023_05_30_PC4_GFP,GV3101
NA,0.276781408,2023_07_03_PC4_GFP,GV3101
NA,0.192776638,2022_05_30_PC4_GFP,GV3101
NA,0.347922668,2022_07_25_PC4_GFP,GV3101
NA,0.422827094,2022_08_08_PC4_GFP,GV3101
NA,0.241315142,2022_09_05_PC4_GFP,GV3101
NA,0.379033543,2022_09_12_PC4_GFP,GV3101
NA,0.326251425,2022_09_19_PC4_GFP,GV3101
NA,0.162434353,2022_10_17_PC4_GFP,GV3101
NA,0.314488894,2022_11_07_PC4_GFP,GV3101
NA,0.34635004,2022_12_05_PC4_GFP,GV3101
NA,0.134658637,2023_01_09_PC4_GFP,GV3101
NA,0.302957862,2023_02_06_PC4_GFP,GV3101
NA,0.161375511,2023_05_30_PC4_GFP,GV3101
NA,0.172300552,2023_07_03_PC4_GFP,GV3101
240828_promoter_optimizeEightFive,0.068762188,240828_promoter_optimize,GV3101
240828_promoter_optimizeEightFour,0.122989292,240828_promoter_optimize,GV3101
240828_promoter_optimizeEightOne,0.103341165,240828_promoter_optimize,GV3101
240828_promoter_optimizeEightSix,0.097342645,240828_promoter_optimize,GV3101
240828_promoter_optimizeEightThree,0.142760479,240828_promoter_optimize,GV3101
240828_promoter_optimizeEightTwo,0.069630094,240828_promoter_optimize,GV3101
240828_promoter_optimizeElevenFive,0.138509887,240828_promoter_optimize,GV3101
240828_promoter_optimizeElevenFour,0.062771707,240828_promoter_optimize,GV3101
240828_promoter_optimizeElevenOne,0.13095327,240828_promoter_optimize,GV3101
240828_promoter_optimizeElevenSix,0.092720669,240828_promoter_optimize,GV3101
240828_promoter_optimizeElevenThree,0.106870967,240828_promoter_optimize,GV3101
240828_promoter_optimizeElevenTwo,0.093465379,240828_promoter_optimize,GV3101
240828_promoter_optimizeFiveFive,0.123957036,240828_promoter_optimize,GV3101
240828_promoter_optimizeFiveFour,0.114397477,240828_promoter_optimize,GV3101
240828_promoter_optimizeFiveOne,0.178772312,240828_promoter_optimize,GV3101
240828_promoter_optimizeFiveSix,0.147262816,240828_promoter_optimize,GV3101
240828_promoter_optimizeFiveThree,0.108645916,240828_promoter_optimize,GV3101
240828_promoter_optimizeFiveTwo,0.0911941,240828_promoter_optimize,GV3101
240828_promoter_optimizeFourFive,0.335804865,240828_promoter_optimize,GV3101
240828_promoter_optimizeFourFour,0.192365815,240828_promoter_optimize,GV3101
240828_promoter_optimizeFourOne,0.178456222,240828_promoter_optimize,GV3101
240828_promoter_optimizeFourSix,0.260138666,240828_promoter_optimize,GV3101
240828_promoter_optimizeFourThree,0.087919272,240828_promoter_optimize,GV3101
240828_promoter_optimizeFourTwo,0.165000004,240828_promoter_optimize,GV3101
240828_promoter_optimizeNineFive,0.239786022,240828_promoter_optimize,GV3101
240828_promoter_optimizeNineFour,0.072716197,240828_promoter_optimize,GV3101
240828_promoter_optimizeNineOne,0.817710046,240828_promoter_optimize,GV3101
240828_promoter_optimizeNineSix,0.110415687,240828_promoter_optimize,GV3101
240828_promoter_optimizeNineThree,0.100719022,240828_promoter_optimize,GV3101
240828_promoter_optimizeNineTwo,0.128134852,240828_promoter_optimize,GV3101
240828_promoter_optimizeOneFive,0.222600205,240828_promoter_optimize,GV3101
240828_promoter_optimizeOneFour,0.141894597,240828_promoter_optimize,GV3101
240828_promoter_optimizeOneOne,0.259850199,240828_promoter_optimize,GV3101
240828_promoter_optimizeOneSix,0.206141027,240828_promoter_optimize,GV3101
240828_promoter_optimizeOneThree,0.338939891,240828_promoter_optimize,GV3101
240828_promoter_optimizeOneTwo,0.230009911,240828_promoter_optimize,GV3101
240828_promoter_optimizeSevenFive,0.137592455,240828_promoter_optimize,GV3101
240828_promoter_optimizeSevenFour,0.114223966,240828_promoter_optimize,GV3101
240828_promoter_optimizeSevenOne,0.130481052,240828_promoter_optimize,GV3101
240828_promoter_optimizeSevenSix,0.22605406,240828_promoter_optimize,GV3101
240828_promoter_optimizeSevenThree,0.122614635,240828_promoter_optimize,GV3101
240828_promoter_optimizeSevenTwo,0.183939893,240828_promoter_optimize,GV3101
240828_promoter_optimizeSixFive,0.161084918,240828_promoter_optimize,GV3101
240828_promoter_optimizeSixFour,0.151183552,240828_promoter_optimize,GV3101
240828_promoter_optimizeSixOne,0.263325155,240828_promoter_optimize,GV3101
240828_promoter_optimizeSixSix,0.068785161,240828_promoter_optimize,GV3101
240828_promoter_optimizeSixThree,0.17242441,240828_promoter_optimize,GV3101
240828_promoter_optimizeSixTwo,0.190707159,240828_promoter_optimize,GV3101
240828_promoter_optimizeTenFive,0.129434619,240828_promoter_optimize,GV3101
240828_promoter_optimizeTenFour,0.102472903,240828_promoter_optimize,GV3101
240828_promoter_optimizeTenOne,0.120040106,240828_promoter_optimize,GV3101
240828_promoter_optimizeTenSix,0.265891265,240828_promoter_optimize,GV3101
240828_promoter_optimizeTenThree,0.137148305,240828_promoter_optimize,GV3101
240828_promoter_optimizeTenTwo,0.142137608,240828_promoter_optimize,GV3101
240828_promoter_optimizeThreeFive,0.19468133,240828_promoter_optimize,GV3101
240828_promoter_optimizeThreeFour,0.157606413,240828_promoter_optimize,GV3101
240828_promoter_optimizeThreeOne,0.229906819,240828_promoter_optimize,GV3101
240828_promoter_optimizeThreeSix,0.2054232,240828_promoter_optimize,GV3101
240828_promoter_optimizeThreeThree,0.123791695,240828_promoter_optimize,GV3101
240828_promoter_optimizeThreeTwo,0.156748339,240828_promoter_optimize,GV3101
240828_promoter_optimizeTwelveFive,0.148539252,240828_promoter_optimize,GV3101
240828_promoter_optimizeTwelveFour,0.194701471,240828_promoter_optimize,GV3101
240828_promoter_optimizeTwelveOne,0.098564614,240828_promoter_optimize,GV3101
240828_promoter_optimizeTwelveSix,0.133901703,240828_promoter_optimize,GV3101
240828_promoter_optimizeTwelveThree,0.166475183,240828_promoter_optimize,GV3101
240828_promoter_optimizeTwelveTwo,0.069954547,240828_promoter_optimize,GV3101
240828_promoter_optimizeTwoFive,0.164690626,240828_promoter_optimize,GV3101
240828_promoter_optimizeTwoFour,0.131285432,240828_promoter_optimize,GV3101
240828_promoter_optimizeTwoOne,0.25773522,240828_promoter_optimize,GV3101
240828_promoter_optimizeTwoSix,0.120492151,240828_promoter_optimize,GV3101
240828_promoter_optimizeTwoThree,0.10780935,240828_promoter_optimize,GV3101
240828_promoter_optimizeTwoTwo,0.202504555,240828_promoter_optimize,GV3101
EHA1050.011,0.494224541,EHA105GV3101_comparison,EHA105
EHA1050.012,0.509331671,EHA105GV3101_comparison,EHA105
EHA1050.013,0.312149707,EHA105GV3101_comparison,EHA105
EHA1050.014,0.253973398,EHA105GV3101_comparison,EHA105
EHA1050.015,0.320316996,EHA105GV3101_comparison,EHA105
EHA1050.016,0.387373006,EHA105GV3101_comparison,EHA105
EHA1050.051,0.328628354,EHA105GV3101_comparison,EHA105
EHA1050.052,0.273294786,EHA105GV3101_comparison,EHA105
EHA1050.053,0.479983953,EHA105GV3101_comparison,EHA105
EHA1050.054,0.288446923,EHA105GV3101_comparison,EHA105
EHA1050.055,0.333089559,EHA105GV3101_comparison,EHA105
EHA1050.056,0.31161427,EHA105GV3101_comparison,EHA105
EHA1050.11,0.193985303,EHA105GV3101_comparison,EHA105
EHA1050.12,0.450802437,EHA105GV3101_comparison,EHA105
EHA1050.13,0.378482555,EHA105GV3101_comparison,EHA105
EHA1050.14,0.232466894,EHA105GV3101_comparison,EHA105
EHA1050.15,0.155309509,EHA105GV3101_comparison,EHA105
EHA1050.16,0.181318899,EHA105GV3101_comparison,EHA105
EHA1050.51,0.655362573,EHA105GV3101_comparison,EHA105
EHA1050.52,0.452435452,EHA105GV3101_comparison,EHA105
EHA1050.53,0.322319472,EHA105GV3101_comparison,EHA105
EHA1050.54,0.426849137,EHA105GV3101_comparison,EHA105
EHA1050.55,0.576757159,EHA105GV3101_comparison,EHA105
EHA1050.56,0.624511048,EHA105GV3101_comparison,EHA105
EHA10511,0.480206869,EHA105GV3101_comparison,EHA105
EHA10512,0.407729585,EHA105GV3101_comparison,EHA105
EHA10513,0.532214464,EHA105GV3101_comparison,EHA105
EHA10514,0.632678472,EHA105GV3101_comparison,EHA105
EHA10515,0.404087461,EHA105GV3101_comparison,EHA105
EHA10516,0.38828346,EHA105GV3101_comparison,EHA105
EHA10521,0.541436138,EHA105GV3101_comparison,EHA105
EHA10522,0.370478818,EHA105GV3101_comparison,EHA105
EHA10523,0.468018989,EHA105GV3101_comparison,EHA105
EHA10524,0.580722196,EHA105GV3101_comparison,EHA105
EHA10525,0.26988053,EHA105GV3101_comparison,EHA105
EHA10526,0.670504654,EHA105GV3101_comparison,EHA105
EHA10541,0.596657207,EHA105GV3101_comparison,EHA105
EHA10542,1.020581633,EHA105GV3101_comparison,EHA105
EHA10543,0.275945304,EHA105GV3101_comparison,EHA105
EHA10544,0.428503864,EHA105GV3101_comparison,EHA105
EHA10545,0.749575451,EHA105GV3101_comparison,EHA105
EHA10546,0.450660812,EHA105GV3101_comparison,EHA105
GV31010.011,0.34162637,EHA105GV3101_comparison,GV3101
GV31010.012,0.186945929,EHA105GV3101_comparison,GV3101
GV31010.013,0.286506029,EHA105GV3101_comparison,GV3101
GV31010.014,0.340483355,EHA105GV3101_comparison,GV3101
GV31010.015,0.337456554,EHA105GV3101_comparison,GV3101
GV31010.016,0.191333314,EHA105GV3101_comparison,GV3101
GV31010.051,0.352047326,EHA105GV3101_comparison,GV3101
GV31010.052,0.474315467,EHA105GV3101_comparison,GV3101
GV31010.053,0.387626502,EHA105GV3101_comparison,GV3101
GV31010.054,0.435130696,EHA105GV3101_comparison,GV3101
GV31010.055,0.551690018,EHA105GV3101_comparison,GV3101
GV31010.056,0.433948927,EHA105GV3101_comparison,GV3101
GV31010.11,0.414039863,EHA105GV3101_comparison,GV3101
GV31010.12,0.678383129,EHA105GV3101_comparison,GV3101
GV31010.13,0.609846276,EHA105GV3101_comparison,GV3101
GV31010.14,0.500449658,EHA105GV3101_comparison,GV3101
GV31010.15,0.454074616,EHA105GV3101_comparison,GV3101
GV31010.16,0.446831856,EHA105GV3101_comparison,GV3101
GV31010.51,0.233140946,EHA105GV3101_comparison,GV3101
GV31010.52,0.121833126,EHA105GV3101_comparison,GV3101
GV31010.53,0.233886542,EHA105GV3101_comparison,GV3101
GV31010.54,0.273573265,EHA105GV3101_comparison,GV3101
GV31010.55,0.179267885,EHA105GV3101_comparison,GV3101
GV31010.56,0.235851735,EHA105GV3101_comparison,GV3101
GV310111,0.205133011,EHA105GV3101_comparison,GV3101
GV310112,0.362937686,EHA105GV3101_comparison,GV3101
GV310113,0.094440184,EHA105GV3101_comparison,GV3101
GV310114,0.459587333,EHA105GV3101_comparison,GV3101
GV310115,0.434752696,EHA105GV3101_comparison,GV3101
GV310116,0.373381182,EHA105GV3101_comparison,GV3101
GV310121,0.250711974,EHA105GV3101_comparison,GV3101
GV310122,0.378985695,EHA105GV3101_comparison,GV3101
GV310123,0.358710204,EHA105GV3101_comparison,GV3101
GV310124,0.186516929,EHA105GV3101_comparison,GV3101
GV310125,0.537044691,EHA105GV3101_comparison,GV3101
GV310126,0.385192658,EHA105GV3101_comparison,GV3101
GV310141,0.361534891,EHA105GV3101_comparison,GV3101
GV310142,0.280361204,EHA105GV3101_comparison,GV3101
GV310143,0.268015918,EHA105GV3101_comparison,GV3101
GV310144,0.561190477,EHA105GV3101_comparison,GV3101
GV310145,0.589833631,EHA105GV3101_comparison,GV3101
GV310146,0.136635237,EHA105GV3101_comparison,GV3101
Plant_10.01,0.246897791,GV3101_OD_experiment,GV3101
Plant_10.025,0.221202436,GV3101_OD_experiment,GV3101
Plant_10.1,0.286565661,GV3101_OD_experiment,GV3101
Plant_10.3,0.267195258,GV3101_OD_experiment,GV3101
Plant_10.6,0.169851325,GV3101_OD_experiment,GV3101
Plant_11,0.215551557,GV3101_OD_experiment,GV3101
Plant_11.5,0.20784934,GV3101_OD_experiment,GV3101
Plant_12,0.349027527,GV3101_OD_experiment,GV3101
Plant_13,0.293997158,GV3101_OD_experiment,GV3101
Plant_15,0.234205088,GV3101_OD_experiment,GV3101
Plant_20.01,0.752592046,GV3101_OD_experiment,GV3101
Plant_20.025,0.365089476,GV3101_OD_experiment,GV3101
Plant_20.1,0.425526524,GV3101_OD_experiment,GV3101
Plant_20.3,0.23155855,GV3101_OD_experiment,GV3101
Plant_20.6,0.218556806,GV3101_OD_experiment,GV3101
Plant_21,0.120532562,GV3101_OD_experiment,GV3101
Plant_21.5,0.356366005,GV3101_OD_experiment,GV3101
Plant_22,0.20614326,GV3101_OD_experiment,GV3101
Plant_23,0.357888843,GV3101_OD_experiment,GV3101
Plant_25,0.465878774,GV3101_OD_experiment,GV3101
Plant_30.01,0.400823712,GV3101_OD_experiment,GV3101
Plant_30.025,0.502603805,GV3101_OD_experiment,GV3101
Plant_30.1,0.340969342,GV3101_OD_experiment,GV3101
Plant_30.3,0.120309065,GV3101_OD_experiment,GV3101
Plant_30.6,0.395875118,GV3101_OD_experiment,GV3101
Plant_31,0.271234571,GV3101_OD_experiment,GV3101
Plant_31.5,0.165839778,GV3101_OD_experiment,GV3101
Plant_32,0.117884226,GV3101_OD_experiment,GV3101
Plant_33,0.348895617,GV3101_OD_experiment,GV3101
Plant_35,0.410270011,GV3101_OD_experiment,GV3101
Plant_40.01,0.230064646,GV3101_OD_experiment,GV3101
Plant_40.025,0.298144258,GV3101_OD_experiment,GV3101
Plant_40.1,0.317951678,GV3101_OD_experiment,GV3101
Plant_40.3,0.309019398,GV3101_OD_experiment,GV3101
Plant_40.6,0.201761429,GV3101_OD_experiment,GV3101
Plant_41,0.216170201,GV3101_OD_experiment,GV3101
Plant_41.5,0.23405028,GV3101_OD_experiment,GV3101
Plant_42,0.699597594,GV3101_OD_experiment,GV3101
Plant_43,0.300462642,GV3101_OD_experiment,GV3101
Plant_45,0.644107889,GV3101_OD_experiment,GV3101
Plant_50.01,0.369755055,GV3101_OD_experiment,GV3101
Plant_50.025,0.639946631,GV3101_OD_experiment,GV3101
Plant_50.1,0.316959177,GV3101_OD_experiment,GV3101
Plant_50.3,0.242084862,GV3101_OD_experiment,GV3101
Plant_50.6,0.30100903,GV3101_OD_experiment,GV3101
Plant_51,0.189949199,GV3101_OD_experiment,GV3101
Plant_51.5,0.264075006,GV3101_OD_experiment,GV3101
Plant_52,0.261885131,GV3101_OD_experiment,GV3101
Plant_53,0.269815581,GV3101_OD_experiment,GV3101
Plant_55,0.475143316,GV3101_OD_experiment,GV3101
Plant_60.01,0.279282573,GV3101_OD_experiment,GV3101
Plant_60.025,0.320933463,GV3101_OD_experiment,GV3101
Plant_60.1,0.404633191,GV3101_OD_experiment,GV3101
Plant_60.3,0.345203512,GV3101_OD_experiment,GV3101
Plant_60.6,0.177133042,GV3101_OD_experiment,GV3101
Plant_61,0.191154377,GV3101_OD_experiment,GV3101
Plant_61.5,0.247581857,GV3101_OD_experiment,GV3101
Plant_62,0.261407352,GV3101_OD_experiment,GV3101
Plant_63,0.401104015,GV3101_OD_experiment,GV3101
Plant_65,0.259741735,GV3101_OD_experiment,GV3101
Plant_1A250SEHA105,0.152551075,RK2_Strain_comp,EHA105
Plant_1A250SGV3101,0.242929297,RK2_Strain_comp,GV3101
Plant_1EHA105_WTEHA105,0.37415078,RK2_Strain_comp,EHA105
Plant_1GV3101_WTGV3101,0.295843929,RK2_Strain_comp,GV3101
Plant_1I305KEHA105,0.270382752,RK2_Strain_comp,EHA105
Plant_1I305KGV3101,0.223677345,RK2_Strain_comp,GV3101
Plant_1N181HEHA105,0.251823564,RK2_Strain_comp,EHA105
Plant_1N181HGV3101,0.301723269,RK2_Strain_comp,GV3101
Plant_1R75LEHA105,0.367271262,RK2_Strain_comp,EHA105
Plant_1R75LGV3101,0.225592785,RK2_Strain_comp,GV3101
Plant_1RK2_Trunc2EHA105,0.563603713,RK2_Strain_comp,EHA105
Plant_1RK2_Trunc2GV3101,0.189201599,RK2_Strain_comp,GV3101
Plant_1T251MEHA105,0.189206964,RK2_Strain_comp,EHA105
Plant_1T251MGV3101,0.323722096,RK2_Strain_comp,GV3101
Plant_2A250SEHA105,0.104655972,RK2_Strain_comp,EHA105
Plant_2A250SGV3101,0.359735717,RK2_Strain_comp,GV3101
Plant_2EHA105_WTEHA105,0.20719956,RK2_Strain_comp,EHA105
Plant_2GV3101_WTGV3101,0.410364033,RK2_Strain_comp,GV3101
Plant_2I305KEHA105,0.269750765,RK2_Strain_comp,EHA105
Plant_2I305KGV3101,0.183057548,RK2_Strain_comp,GV3101
Plant_2N181HEHA105,0.379693856,RK2_Strain_comp,EHA105
Plant_2N181HGV3101,0.395636924,RK2_Strain_comp,GV3101
Plant_2R75LEHA105,0.387384028,RK2_Strain_comp,EHA105
Plant_2R75LGV3101,0.214401553,RK2_Strain_comp,GV3101
Plant_2RK2_Trunc2EHA105,0.103513716,RK2_Strain_comp,EHA105
Plant_2RK2_Trunc2GV3101,0.084392344,RK2_Strain_comp,GV3101
Plant_2T251MEHA105,0.158255831,RK2_Strain_comp,EHA105
Plant_2T251MGV3101,0.31112322,RK2_Strain_comp,GV3101
Plant_3A250SEHA105,0.110334363,RK2_Strain_comp,EHA105
Plant_3A250SGV3101,0.411584488,RK2_Strain_comp,GV3101
Plant_3EHA105_WTEHA105,0.450078606,RK2_Strain_comp,EHA105
Plant_3GV3101_WTGV3101,0.229953041,RK2_Strain_comp,GV3101
Plant_3I305KEHA105,0.2597065,RK2_Strain_comp,EHA105
Plant_3I305KGV3101,0.233508365,RK2_Strain_comp,GV3101
Plant_3N181HEHA105,0.483790301,RK2_Strain_comp,EHA105
Plant_3N181HGV3101,0.348477415,RK2_Strain_comp,GV3101
Plant_3R75LEHA105,0.294513489,RK2_Strain_comp,EHA105
Plant_3R75LGV3101,0.206816788,RK2_Strain_comp,GV3101
Plant_3RK2_Trunc2EHA105,0.339525652,RK2_Strain_comp,EHA105
Plant_3RK2_Trunc2GV3101,0.335070347,RK2_Strain_comp,GV3101
Plant_3T251MEHA105,0.368878285,RK2_Strain_comp,EHA105
Plant_3T251MGV3101,0.189244473,RK2_Strain_comp,GV3101
Plant_4A250SEHA105,0.129708964,RK2_Strain_comp,EHA105
Plant_4A250SGV3101,0.112389396,RK2_Strain_comp,GV3101
Plant_4EHA105_WTEHA105,0.257144995,RK2_Strain_comp,EHA105
Plant_4GV3101_WTGV3101,0.514531337,RK2_Strain_comp,GV3101
Plant_4I305KEHA105,0.164805181,RK2_Strain_comp,EHA105
Plant_4I305KGV3101,0.13525144,RK2_Strain_comp,GV3101
Plant_4N181HEHA105,0.105884338,RK2_Strain_comp,EHA105
Plant_4N181HGV3101,0.224141716,RK2_Strain_comp,GV3101
Plant_4R75LEHA105,0.412054577,RK2_Strain_comp,EHA105
Plant_4R75LGV3101,0.507387672,RK2_Strain_comp,GV3101
Plant_4RK2_Trunc2EHA105,0.25265476,RK2_Strain_comp,EHA105
Plant_4RK2_Trunc2GV3101,0.245960106,RK2_Strain_comp,GV3101
Plant_4T251MEHA105,0.185226269,RK2_Strain_comp,EHA105
Plant_4T251MGV3101,0.267133583,RK2_Strain_comp,GV3101
Plant_5A250SEHA105,0.120074042,RK2_Strain_comp,EHA105
Plant_5A250SGV3101,0.219001105,RK2_Strain_comp,GV3101
Plant_5EHA105_WTEHA105,0.761423736,RK2_Strain_comp,EHA105
Plant_5GV3101_WTGV3101,0.320272233,RK2_Strain_comp,GV3101
Plant_5I305KEHA105,0.254577055,RK2_Strain_comp,EHA105
Plant_5I305KGV3101,0.167697695,RK2_Strain_comp,GV3101
Plant_5N181HEHA105,0.253060552,RK2_Strain_comp,EHA105
Plant_5N181HGV3101,0.110963925,RK2_Strain_comp,GV3101
Plant_5R75LEHA105,0.279787665,RK2_Strain_comp,EHA105
Plant_5R75LGV3101,0.334987868,RK2_Strain_comp,GV3101
Plant_5RK2_Trunc2EHA105,0.293622609,RK2_Strain_comp,EHA105
Plant_5RK2_Trunc2GV3101,0.367511937,RK2_Strain_comp,GV3101
Plant_5T251MEHA105,0.528294116,RK2_Strain_comp,EHA105
Plant_5T251MGV3101,0.154009804,RK2_Strain_comp,GV3101
Plant_6EHA105_WTEHA105,0.264637524,RK2_Strain_comp,EHA105
Plant_6GV3101_WTGV3101,0.372548456,RK2_Strain_comp,GV3101
Plant_7EHA105_WTEHA105,0.0955697,RK2_Strain_comp,EHA105
Plant_7GV3101_WTGV3101,0.335528209,RK2_Strain_comp,GV3101
Plant_8EHA105_WTEHA105,0.290627864,RK2_Strain_comp,EHA105
FiveOneSophia_prom_opt_241111,0.341389128,Sophia_prom_opt_241111,GV3101
FiveTwoSophia_prom_opt_241111,0.297287199,Sophia_prom_opt_241111,GV3101
FiveeightSophia_prom_opt_241111,0.132808093,Sophia_prom_opt_241111,GV3101
FiveelevenSophia_prom_opt_241111,0.154575284,Sophia_prom_opt_241111,GV3101
FivefiveSophia_prom_opt_241111,0.163187159,Sophia_prom_opt_241111,GV3101
FivefourSophia_prom_opt_241111,0.122055884,Sophia_prom_opt_241111,GV3101
FivenineSophia_prom_opt_241111,0.196674161,Sophia_prom_opt_241111,GV3101
FivesevenSophia_prom_opt_241111,0.089541063,Sophia_prom_opt_241111,GV3101
FivesixSophia_prom_opt_241111,0.094797111,Sophia_prom_opt_241111,GV3101
FivetenSophia_prom_opt_241111,0.101107851,Sophia_prom_opt_241111,GV3101
FivethreeSophia_prom_opt_241111,0.09259361,Sophia_prom_opt_241111,GV3101
FivetwelveSophia_prom_opt_241111,0.25162389,Sophia_prom_opt_241111,GV3101
FourOneSophia_prom_opt_241111,0.192266775,Sophia_prom_opt_241111,GV3101
FourTwoSophia_prom_opt_241111,0.182367007,Sophia_prom_opt_241111,GV3101
FoureightSophia_prom_opt_241111,0.126097106,Sophia_prom_opt_241111,GV3101
FourelevenSophia_prom_opt_241111,0.19441119,Sophia_prom_opt_241111,GV3101
FourfiveSophia_prom_opt_241111,0.121798955,Sophia_prom_opt_241111,GV3101
FourfourSophia_prom_opt_241111,0.116440666,Sophia_prom_opt_241111,GV3101
FournineSophia_prom_opt_241111,0.269562179,Sophia_prom_opt_241111,GV3101
FoursevenSophia_prom_opt_241111,0.116947512,Sophia_prom_opt_241111,GV3101
FoursixSophia_prom_opt_241111,0.183870864,Sophia_prom_opt_241111,GV3101
FourtenSophia_prom_opt_241111,0.218588501,Sophia_prom_opt_241111,GV3101
FourthreeSophia_prom_opt_241111,0.169964632,Sophia_prom_opt_241111,GV3101
FourtwelveSophia_prom_opt_241111,0.07497373,Sophia_prom_opt_241111,GV3101
OneOneSophia_prom_opt_241111,0.10726905,Sophia_prom_opt_241111,GV3101
OneTwoSophia_prom_opt_241111,0.231665941,Sophia_prom_opt_241111,GV3101
OneeightSophia_prom_opt_241111,0.189968916,Sophia_prom_opt_241111,GV3101
OneelevenSophia_prom_opt_241111,0.145046783,Sophia_prom_opt_241111,GV3101
OnefiveSophia_prom_opt_241111,0.102073613,Sophia_prom_opt_241111,GV3101
OnefourSophia_prom_opt_241111,0.651272097,Sophia_prom_opt_241111,GV3101
OnenineSophia_prom_opt_241111,0.199037741,Sophia_prom_opt_241111,GV3101
OnesevenSophia_prom_opt_241111,0.101550315,Sophia_prom_opt_241111,GV3101
OnesixSophia_prom_opt_241111,0.185545536,Sophia_prom_opt_241111,GV3101
OnetenSophia_prom_opt_241111,0.167546707,Sophia_prom_opt_241111,GV3101
OnethreeSophia_prom_opt_241111,0.207487811,Sophia_prom_opt_241111,GV3101
OnetwelveSophia_prom_opt_241111,0.634173815,Sophia_prom_opt_241111,GV3101
SixOneSophia_prom_opt_241111,0.093147375,Sophia_prom_opt_241111,GV3101
SixTwoSophia_prom_opt_241111,0.196194947,Sophia_prom_opt_241111,GV3101
SixeightSophia_prom_opt_241111,0.07455724,Sophia_prom_opt_241111,GV3101
SixelevenSophia_prom_opt_241111,0.089531265,Sophia_prom_opt_241111,GV3101
SixfiveSophia_prom_opt_241111,0.142263175,Sophia_prom_opt_241111,GV3101
SixfourSophia_prom_opt_241111,0.151635799,Sophia_prom_opt_241111,GV3101
SixnineSophia_prom_opt_241111,0.218969506,Sophia_prom_opt_241111,GV3101
SixsevenSophia_prom_opt_241111,0.134400756,Sophia_prom_opt_241111,GV3101
SixsixSophia_prom_opt_241111,0.140568591,Sophia_prom_opt_241111,GV3101
SixtenSophia_prom_opt_241111,0.09910816,Sophia_prom_opt_241111,GV3101
SixthreeSophia_prom_opt_241111,0.169651524,Sophia_prom_opt_241111,GV3101
SixtwelveSophia_prom_opt_241111,0.14961875,Sophia_prom_opt_241111,GV3101
ThreeOneSophia_prom_opt_241111,0.171378977,Sophia_prom_opt_241111,GV3101
ThreeTwoSophia_prom_opt_241111,0.183782195,Sophia_prom_opt_241111,GV3101
ThreeeightSophia_prom_opt_241111,0.18482875,Sophia_prom_opt_241111,GV3101
ThreeelevenSophia_prom_opt_241111,0.139475475,Sophia_prom_opt_241111,GV3101
ThreefiveSophia_prom_opt_241111,0.232377982,Sophia_prom_opt_241111,GV3101
ThreefourSophia_prom_opt_241111,0.14806914,Sophia_prom_opt_241111,GV3101
ThreenineSophia_prom_opt_241111,0.131383452,Sophia_prom_opt_241111,GV3101
ThreesevenSophia_prom_opt_241111,0.095803567,Sophia_prom_opt_241111,GV3101
ThreesixSophia_prom_opt_241111,0.116760726,Sophia_prom_opt_241111,GV3101
ThreetenSophia_prom_opt_241111,0.076316595,Sophia_prom_opt_241111,GV3101
ThreethreeSophia_prom_opt_241111,0.147746791,Sophia_prom_opt_241111,GV3101
ThreetwelveSophia_prom_opt_241111,0.46068085,Sophia_prom_opt_241111,GV3101
TwoOneSophia_prom_opt_241111,0.183261928,Sophia_prom_opt_241111,GV3101
TwoTwoSophia_prom_opt_241111,0.101352785,Sophia_prom_opt_241111,GV3101
TwoeightSophia_prom_opt_241111,0.160789104,Sophia_prom_opt_241111,GV3101
TwoelevenSophia_prom_opt_241111,0.099495567,Sophia_prom_opt_241111,GV3101
TwofiveSophia_prom_opt_241111,0.123451171,Sophia_prom_opt_241111,GV3101
TwofourSophia_prom_opt_241111,0.175425745,Sophia_prom_opt_241111,GV3101
TwonineSophia_prom_opt_241111,0.170652676,Sophia_prom_opt_241111,GV3101
TwosevenSophia_prom_opt_241111,0.191617818,Sophia_prom_opt_241111,GV3101
TwosixSophia_prom_opt_241111,0.109107744,Sophia_prom_opt_241111,GV3101
TwotenSophia_prom_opt_241111,0.098688378,Sophia_prom_opt_241111,GV3101
TwothreeSophia_prom_opt_241111,0.239517977,Sophia_prom_opt_241111,GV3101
TwotwelveSophia_prom_opt_241111,0.745320493,Sophia_prom_opt_241111,GV3101
35s1,0.197119293,Andy_PCs,GV3101
35s2,0.072968149,Andy_PCs,GV3101
35s3,0.152988651,Andy_PCs,GV3101
pCH11,0.15022568,Andy_PCs,GV3101
pCH12,0.162031105,Andy_PCs,GV3101
pCH13,0.15822971,Andy_PCs,GV3101
pCH21,0.193821964,Andy_PCs,GV3101
pCH22,0.13903357,Andy_PCs,GV3101
pCH23,0.152213868,Andy_PCs,GV3101
pCH31,0.167291697,Andy_PCs,GV3101
pCH32,0.140709619,Andy_PCs,GV3101
pCH33,0.151172343,Andy_PCs,GV3101
pCH41,0.171910591,Andy_PCs,GV3101
pCH42,0.183899786,Andy_PCs,GV3101
pCH43,0.124332965,Andy_PCs,GV3101
pCH51,0.138732747,Andy_PCs,GV3101
pCH52,0.123329221,Andy_PCs,GV3101
pCH53,0.118466971,Andy_PCs,GV3101
pCL11,0.186962255,Andy_PCs,GV3101
pCL12,0.436262823,Andy_PCs,GV3101
pCL13,0.193873114,Andy_PCs,GV3101
pCL21,0.181233767,Andy_PCs,GV3101
pCL22,0.12078715,Andy_PCs,GV3101
pCL23,0.22605765,Andy_PCs,GV3101
pCL31,0.068948431,Andy_PCs,GV3101
pCL32,0.207228132,Andy_PCs,GV3101
pCL33,0.17301654,Andy_PCs,GV3101
pCL41,0.209349586,Andy_PCs,GV3101
pCL42,0.243593525,Andy_PCs,GV3101
pCL43,0.16533547,Andy_PCs,GV3101
pCL51,0.135308636,Andy_PCs,GV3101
pCL52,0.282042497,Andy_PCs,GV3101
pCL53,0.187768147,Andy_PCs,GV3101
pCM11,0.187400035,Andy_PCs,GV3101
pCM12,0.17386955,Andy_PCs,GV3101
pCM13,0.193343714,Andy_PCs,GV3101
pCM21,0.248679059,Andy_PCs,GV3101
pCM22,0.179592887,Andy_PCs,GV3101
pCM23,0.234997316,Andy_PCs,GV3101
pCM31,0.144513207,Andy_PCs,GV3101
pCM32,0.221631838,Andy_PCs,GV3101
pCM33,0.273259731,Andy_PCs,GV3101
pCM41,0.291506258,Andy_PCs,GV3101
pCM42,0.254014711,Andy_PCs,GV3101
pCM43,0.265004793,Andy_PCs,GV3101
pCM51,0.302223158,Andy_PCs,GV3101
pCM52,0.144962399,Andy_PCs,GV3101
pCM53,0.263075761,Andy_PCs,GV3101
pNOS1,0.206909891,Andy_PCs,GV3101
pNOS2,0.275475839,Andy_PCs,GV3101
pNOS3,0.269779956,Andy_PCs,GV3101
Erin_11WIND1_VPR_0.2,0.273501274,Erin_1,GV3101
Erin_11WIND1_VPR_0.6,0.283945134,Erin_1,GV3101
Erin_11WIND1_VPR_control,0.225040921,Erin_1,GV3101
Erin_11WIND1_WT_0.2,0.165672291,Erin_1,GV3101
Erin_11WIND1_WT_0.6,0.194412901,Erin_1,GV3101
Erin_11WIND1_WT_control,0.251927493,Erin_1,GV3101
Erin_11mScar_Alone_0.2,0.321684402,Erin_1,GV3101
Erin_11mScar_Alone_0.6,0.18911775,Erin_1,GV3101
Erin_11pESR1_GFP_0.2,0.181644976,Erin_1,GV3101
Erin_11pESR1_GFP_0.6,0.239275174,Erin_1,GV3101
Erin_12WIND1_VPR_0.2,0.215282381,Erin_1,GV3101
Erin_12WIND1_VPR_0.6,0.150133593,Erin_1,GV3101
Erin_12WIND1_VPR_control,0.177937063,Erin_1,GV3101
Erin_12WIND1_WT_0.2,0.258467389,Erin_1,GV3101
Erin_12WIND1_WT_0.6,0.141574974,Erin_1,GV3101
Erin_12WIND1_WT_control,0.35016282,Erin_1,GV3101
Erin_12mScar_Alone_0.2,0.340063367,Erin_1,GV3101
Erin_12mScar_Alone_0.6,0.307766844,Erin_1,GV3101
Erin_12pESR1_GFP_0.2,0.337733484,Erin_1,GV3101
Erin_12pESR1_GFP_0.6,0.195696089,Erin_1,GV3101
Erin_13WIND1_VPR_0.2,0.259791589,Erin_1,GV3101
Erin_13WIND1_VPR_0.6,0.214351132,Erin_1,GV3101
Erin_13WIND1_VPR_control,0.147574451,Erin_1,GV3101
Erin_13WIND1_WT_0.2,0.253159961,Erin_1,GV3101
Erin_13WIND1_WT_0.6,0.533810323,Erin_1,GV3101
Erin_13WIND1_WT_control,0.40387212,Erin_1,GV3101
Erin_13pESR1_GFP_0.2,0.186462698,Erin_1,GV3101
Erin_13pESR1_GFP_0.6,0.210822748,Erin_1,GV3101
Erin_14WIND1_VPR_0.2,0.286717196,Erin_1,GV3101
Erin_14WIND1_VPR_0.6,0.124127253,Erin_1,GV3101
Erin_14WIND1_WT_0.2,0.277477104,Erin_1,GV3101
Erin_14WIND1_WT_0.6,0.226718586,Erin_1,GV3101
Erin_14pESR1_GFP_0.2,0.241508894,Erin_1,GV3101
Erin_14pESR1_GFP_0.6,0.334901772,Erin_1,GV3101
Erin_15WIND1_VPR_0.2,0.204360604,Erin_1,GV3101
Erin_15WIND1_VPR_0.6,0.245057145,Erin_1,GV3101
Erin_15WIND1_WT_0.2,0.43192134,Erin_1,GV3101
Erin_15WIND1_WT_0.6,0.142340693,Erin_1,GV3101
Erin_15pESR1_GFP_0.2,0.24724019,Erin_1,GV3101
Erin_15pESR1_GFP_0.6,0.364905814,Erin_1,GV3101
Erin_21PC16,0.242319175,Erin_2,GV3101
Erin_21PC4,0.174999144,Erin_2,GV3101
Erin_21PC5,0.601554526,Erin_2,GV3101
Erin_21pARR7,0.269172758,Erin_2,GV3101
Erin_21pESR1,0.28546732,Erin_2,GV3101
Erin_22PC16,0.270365858,Erin_2,GV3101
Erin_22PC4,0.093919213,Erin_2,GV3101
Erin_22PC5,0.442331212,Erin_2,GV3101
Erin_22pARR7,0.196958542,Erin_2,GV3101
Erin_22pESR1,0.230769344,Erin_2,GV3101
Erin_23PC16,0.152455267,Erin_2,GV3101
Erin_23PC4,0.411092493,Erin_2,GV3101
Erin_23PC5,0.239724848,Erin_2,GV3101
Erin_23pARR7,0.356872942,Erin_2,GV3101
Erin_23pESR1,0.216758492,Erin_2,GV3101
Erin_24PC16,0.175880699,Erin_2,GV3101
Erin_24PC4,0.217891451,Erin_2,GV3101
Erin_24PC5,0.246224383,Erin_2,GV3101
Erin_24pARR7,0.384400727,Erin_2,GV3101
Erin_24pESR1,0.19594678,Erin_2,GV3101
Erin_25PC16,0.179417412,Erin_2,GV3101
Erin_25PC4,0.236656821,Erin_2,GV3101
Erin_25PC5,0.635485823,Erin_2,GV3101
Erin_25pARR7,0.370960438,Erin_2,GV3101
Erin_25pESR1,0.353025588,Erin_2,GV3101
Erin_310Control,0.28305271,Erin_3,GV3101
Erin_31Control,0.115940594,Erin_3,GV3101
Erin_31PC16_WIND1__pESR1_GFP,0.172790129,Erin_3,GV3101
Erin_31PC16_only,0.208770571,Erin_3,GV3101
Erin_31PC4_WIND1__pESR1_GFP,0.19115455,Erin_3,GV3101
Erin_31PC4_only,0.092825732,Erin_3,GV3101
Erin_31PC5_WIND1__pESR1_GFP,0.1359642,Erin_3,GV3101
Erin_32Control,0.169273561,Erin_3,GV3101
Erin_32PC16_WIND1__pESR1_GFP,0.285884932,Erin_3,GV3101
Erin_32PC16_only,0.301783523,Erin_3,GV3101
Erin_32PC4_WIND1__pESR1_GFP,0.204090786,Erin_3,GV3101
Erin_32PC4_only,0.457887251,Erin_3,GV3101
Erin_32PC5_WIND1__pESR1_GFP,0.21664553,Erin_3,GV3101
Erin_33Control,0.194717729,Erin_3,GV3101
Erin_33PC16_WIND1__pESR1_GFP,0.126809264,Erin_3,GV3101
Erin_33PC4_WIND1__pESR1_GFP,0.213142313,Erin_3,GV3101
Erin_33PC5_WIND1__pESR1_GFP,0.174757526,Erin_3,GV3101
Erin_34Control,0.367948946,Erin_3,GV3101
Erin_34PC16_WIND1__pESR1_GFP,0.130413035,Erin_3,GV3101
Erin_34PC4_WIND1__pESR1_GFP,0.221917509,Erin_3,GV3101
Erin_34PC5_WIND1__pESR1_GFP,0.155812483,Erin_3,GV3101
Erin_35Control,0.150527248,Erin_3,GV3101
Erin_35PC16_WIND1__pESR1_GFP,0.229405039,Erin_3,GV3101
Erin_35PC4_WIND1__pESR1_GFP,0.114735518,Erin_3,GV3101
Erin_35PC5_WIND1__pESR1_GFP,0.250848388,Erin_3,GV3101
Erin_36Control,0.226357446,Erin_3,GV3101
Erin_36PC16_WIND1__pESR1_GFP,0.20429494,Erin_3,GV3101
Erin_36PC4_WIND1__pESR1_GFP,0.163790705,Erin_3,GV3101
Erin_36PC5_WIND1__pESR1_GFP,0.175272956,Erin_3,GV3101
Erin_37Control,0.118833982,Erin_3,GV3101
Erin_37PC16_WIND1__pESR1_GFP,0.163586299,Erin_3,GV3101
Erin_37PC4_WIND1__pESR1_GFP,0.189098423,Erin_3,GV3101
Erin_37PC5_WIND1__pESR1_GFP,0.290025749,Erin_3,GV3101
Erin_38Control,0.40571445,Erin_3,GV3101
Erin_38PC16_WIND1__pESR1_GFP,0.175145214,Erin_3,GV3101
Erin_38PC4_WIND1__pESR1_GFP,0.283009953,Erin_3,GV3101
Erin_38PC5_WIND1__pESR1_GFP,0.12993914,Erin_3,GV3101
Erin_39Control,0.324680579,Erin_3,GV3101
Sophia_240722eightPlant1,0.279688742,Sophia_240722,GV3101
Sophia_240722eightPlant2,0.172081426,Sophia_240722,GV3101
Sophia_240722eightPlant3,0.105661309,Sophia_240722,GV3101
Sophia_240722eightPlant4,0.227611132,Sophia_240722,GV3101
Sophia_240722eightPlant5,0.168308954,Sophia_240722,GV3101
Sophia_240722eightPlant6,0.132539249,Sophia_240722,GV3101
Sophia_240722eighteenPlant1,0.478803158,Sophia_240722,GV3101
Sophia_240722eighteenPlant2,1.659401137,Sophia_240722,GV3101
Sophia_240722eighteenPlant3,0.445152719,Sophia_240722,GV3101
Sophia_240722eighteenPlant4,0.547446177,Sophia_240722,GV3101
Sophia_240722eighteenPlant5,0.33322023,Sophia_240722,GV3101
Sophia_240722eighteenPlant6,0.851647997,Sophia_240722,GV3101
Sophia_240722elevenPlant1,0.074645024,Sophia_240722,GV3101
Sophia_240722elevenPlant2,0.108647881,Sophia_240722,GV3101
Sophia_240722elevenPlant3,0.422431993,Sophia_240722,GV3101
Sophia_240722elevenPlant4,0.381771412,Sophia_240722,GV3101
Sophia_240722elevenPlant5,0.156110595,Sophia_240722,GV3101
Sophia_240722elevenPlant6,0.2673139,Sophia_240722,GV3101
Sophia_240722fifteenPlant1,1.027900785,Sophia_240722,GV3101
Sophia_240722fifteenPlant2,0.596564994,Sophia_240722,GV3101
Sophia_240722fifteenPlant3,0.621955341,Sophia_240722,GV3101
Sophia_240722fifteenPlant4,0.696014469,Sophia_240722,GV3101
Sophia_240722fifteenPlant5,0.598710664,Sophia_240722,GV3101
Sophia_240722fifteenPlant6,0.095365661,Sophia_240722,GV3101
Sophia_240722fivePlant1,0.357857361,Sophia_240722,GV3101
Sophia_240722fivePlant2,0.450397407,Sophia_240722,GV3101
Sophia_240722fivePlant3,0.202098972,Sophia_240722,GV3101
Sophia_240722fivePlant4,0.220602319,Sophia_240722,GV3101
Sophia_240722fivePlant5,0.125726638,Sophia_240722,GV3101
Sophia_240722fivePlant6,0.180158497,Sophia_240722,GV3101
Sophia_240722fourPlant1,0.220840371,Sophia_240722,GV3101
Sophia_240722fourPlant2,0.103897346,Sophia_240722,GV3101
Sophia_240722fourPlant3,0.124076834,Sophia_240722,GV3101
Sophia_240722fourPlant4,0.187824702,Sophia_240722,GV3101
Sophia_240722fourPlant5,0.140198946,Sophia_240722,GV3101
Sophia_240722fourPlant6,0.220713342,Sophia_240722,GV3101
Sophia_240722fourteenPlant1,0.259905236,Sophia_240722,GV3101
Sophia_240722fourteenPlant2,0.251671126,Sophia_240722,GV3101
Sophia_240722fourteenPlant3,0.485253275,Sophia_240722,GV3101
Sophia_240722fourteenPlant4,0.215671325,Sophia_240722,GV3101
Sophia_240722fourteenPlant5,0.507835653,Sophia_240722,GV3101
Sophia_240722fourteenPlant6,0.239800944,Sophia_240722,GV3101
Sophia_240722ninePlant1,0.164075733,Sophia_240722,GV3101
Sophia_240722ninePlant2,0.160387773,Sophia_240722,GV3101
Sophia_240722ninePlant3,0.347398664,Sophia_240722,GV3101
Sophia_240722ninePlant4,0.130135704,Sophia_240722,GV3101
Sophia_240722ninePlant5,0.058698793,Sophia_240722,GV3101
Sophia_240722ninePlant6,0.144629454,Sophia_240722,GV3101
Sophia_240722nineteenPlant1,0.24623772,Sophia_240722,GV3101
Sophia_240722nineteenPlant2,0.081405947,Sophia_240722,GV3101
Sophia_240722nineteenPlant3,0.196150282,Sophia_240722,GV3101
Sophia_240722nineteenPlant4,0.153843353,Sophia_240722,GV3101
Sophia_240722nineteenPlant5,0.095570537,Sophia_240722,GV3101
Sophia_240722nineteenPlant6,0.076515927,Sophia_240722,GV3101
Sophia_240722onePlant1,0.134434449,Sophia_240722,GV3101
Sophia_240722onePlant2,0.204423983,Sophia_240722,GV3101
Sophia_240722onePlant3,0.270474748,Sophia_240722,GV3101
Sophia_240722onePlant4,0.128990771,Sophia_240722,GV3101
Sophia_240722onePlant5,0.048264538,Sophia_240722,GV3101
Sophia_240722onePlant6,0.16206704,Sophia_240722,GV3101
Sophia_240722sevenPlant1,0.108579935,Sophia_240722,GV3101
Sophia_240722sevenPlant2,0.183908639,Sophia_240722,GV3101
Sophia_240722sevenPlant3,0.403692793,Sophia_240722,GV3101
Sophia_240722sevenPlant4,0.205798671,Sophia_240722,GV3101
Sophia_240722sevenPlant5,0.188265734,Sophia_240722,GV3101
Sophia_240722sevenPlant6,0.242103673,Sophia_240722,GV3101
Sophia_240722seventeenPlant1,0.572703752,Sophia_240722,GV3101
Sophia_240722seventeenPlant2,0.706636894,Sophia_240722,GV3101
Sophia_240722seventeenPlant3,0.596552323,Sophia_240722,GV3101
Sophia_240722seventeenPlant4,0.328430091,Sophia_240722,GV3101
Sophia_240722seventeenPlant5,0.356843513,Sophia_240722,GV3101
Sophia_240722seventeenPlant6,0.694715633,Sophia_240722,GV3101
Sophia_240722sixPlant1,0.156047646,Sophia_240722,GV3101
Sophia_240722sixPlant2,0.080771609,Sophia_240722,GV3101
Sophia_240722sixPlant3,0.193632421,Sophia_240722,GV3101
Sophia_240722sixPlant4,0.125862412,Sophia_240722,GV3101
Sophia_240722sixPlant5,0.213069728,Sophia_240722,GV3101
Sophia_240722sixPlant6,0.170778514,Sophia_240722,GV3101
Sophia_240722sixteenPlant1,0.210533704,Sophia_240722,GV3101
Sophia_240722sixteenPlant2,0.3471108,Sophia_240722,GV3101
Sophia_240722sixteenPlant3,0.121034264,Sophia_240722,GV3101
Sophia_240722sixteenPlant4,0.281687724,Sophia_240722,GV3101
Sophia_240722sixteenPlant5,0.238345548,Sophia_240722,GV3101
Sophia_240722sixteenPlant6,0.902922351,Sophia_240722,GV3101
Sophia_240722tenPlant1,0.222219437,Sophia_240722,GV3101
Sophia_240722tenPlant2,0.151713055,Sophia_240722,GV3101
Sophia_240722tenPlant3,0.32001499,Sophia_240722,GV3101
Sophia_240722tenPlant4,0.270427217,Sophia_240722,GV3101
Sophia_240722tenPlant5,0.244107626,Sophia_240722,GV3101
Sophia_240722tenPlant6,0.394074161,Sophia_240722,GV3101
Sophia_240722thirteenPlant1,0.200763765,Sophia_240722,GV3101
Sophia_240722thirteenPlant2,0.190126955,Sophia_240722,GV3101
Sophia_240722thirteenPlant3,0.539471417,Sophia_240722,GV3101
Sophia_240722thirteenPlant4,0.168294033,Sophia_240722,GV3101
Sophia_240722thirteenPlant5,0.398952794,Sophia_240722,GV3101
Sophia_240722thirteenPlant6,0.154700414,Sophia_240722,GV3101
Sophia_240722threePlant1,0.201094296,Sophia_240722,GV3101
Sophia_240722threePlant2,0.363589865,Sophia_240722,GV3101
Sophia_240722threePlant3,0.225339635,Sophia_240722,GV3101
Sophia_240722threePlant4,0.377312391,Sophia_240722,GV3101
Sophia_240722threePlant5,0.286316671,Sophia_240722,GV3101
Sophia_240722threePlant6,0.065501698,Sophia_240722,GV3101
Sophia_240722twelvePlant1,0.153253579,Sophia_240722,GV3101
Sophia_240722twelvePlant2,0.175714936,Sophia_240722,GV3101
Sophia_240722twelvePlant3,0.236678866,Sophia_240722,GV3101
Sophia_240722twelvePlant4,0.101169188,Sophia_240722,GV3101
Sophia_240722twelvePlant5,0.112866797,Sophia_240722,GV3101
Sophia_240722twelvePlant6,0.181332881,Sophia_240722,GV3101
Sophia_240722twoPlant1,0.327196734,Sophia_240722,GV3101
Sophia_240722twoPlant2,0.124204394,Sophia_240722,GV3101
Sophia_240722twoPlant3,0.21871592,Sophia_240722,GV3101
Sophia_240722twoPlant4,0.249858404,Sophia_240722,GV3101
Sophia_240722twoPlant5,0.353689569,Sophia_240722,GV3101
Sophia_240722twoPlant6,0.188975318,Sophia_240722,GV3101
Sophia_241021eightPlant1,0.112989088,Sophia_241021,GV3101
Sophia_241021eightPlant2,0.094185493,Sophia_241021,GV3101
Sophia_241021eightPlant3,0.187504763,Sophia_241021,GV3101
Sophia_241021eightPlant4,0.330883726,Sophia_241021,GV3101
Sophia_241021eightPlant5,0.12890892,Sophia_241021,GV3101
Sophia_241021eightPlant6,0.283394348,Sophia_241021,GV3101
Sophia_241021eighteenPlant1,0.210955799,Sophia_241021,GV3101
Sophia_241021eighteenPlant2,0.243921089,Sophia_241021,GV3101
Sophia_241021eighteenPlant3,0.194454712,Sophia_241021,GV3101
Sophia_241021eighteenPlant4,0.215598128,Sophia_241021,GV3101
Sophia_241021eighteenPlant5,0.273362718,Sophia_241021,GV3101
Sophia_241021eighteenPlant6,0.20589144,Sophia_241021,GV3101
Sophia_241021elevenPlant1,0.142121929,Sophia_241021,GV3101
Sophia_241021elevenPlant2,0.26137185,Sophia_241021,GV3101
Sophia_241021elevenPlant3,0.300498101,Sophia_241021,GV3101
Sophia_241021elevenPlant4,0.227462837,Sophia_241021,GV3101
Sophia_241021elevenPlant5,0.323237689,Sophia_241021,GV3101
Sophia_241021elevenPlant6,0.177722115,Sophia_241021,GV3101
Sophia_241021fifteenPlant1,0.198794535,Sophia_241021,GV3101
Sophia_241021fifteenPlant2,0.263786012,Sophia_241021,GV3101
Sophia_241021fifteenPlant3,0.326698925,Sophia_241021,GV3101
Sophia_241021fifteenPlant4,0.461144323,Sophia_241021,GV3101
Sophia_241021fifteenPlant5,0.416783272,Sophia_241021,GV3101
Sophia_241021fifteenPlant6,0.248063665,Sophia_241021,GV3101
Sophia_241021fivePlant1,0.278594823,Sophia_241021,GV3101
Sophia_241021fivePlant2,0.226142215,Sophia_241021,GV3101
Sophia_241021fivePlant3,0.218574273,Sophia_241021,GV3101
Sophia_241021fivePlant4,0.183976866,Sophia_241021,GV3101
Sophia_241021fivePlant5,0.175240862,Sophia_241021,GV3101
Sophia_241021fivePlant6,0.250835966,Sophia_241021,GV3101
Sophia_241021fourPlant1,0.249246774,Sophia_241021,GV3101
Sophia_241021fourPlant2,0.110626994,Sophia_241021,GV3101
Sophia_241021fourPlant3,0.103637987,Sophia_241021,GV3101
Sophia_241021fourPlant4,0.19108252,Sophia_241021,GV3101
Sophia_241021fourPlant5,0.134172046,Sophia_241021,GV3101
Sophia_241021fourPlant6,0.107029228,Sophia_241021,GV3101
Sophia_241021fourteenPlant1,0.117993543,Sophia_241021,GV3101
Sophia_241021fourteenPlant2,0.272734919,Sophia_241021,GV3101
Sophia_241021fourteenPlant3,0.101678826,Sophia_241021,GV3101
Sophia_241021fourteenPlant4,0.178765687,Sophia_241021,GV3101
Sophia_241021fourteenPlant5,0.183636622,Sophia_241021,GV3101
Sophia_241021fourteenPlant6,0.190978256,Sophia_241021,GV3101
Sophia_241021ninePlant1,0.094290863,Sophia_241021,GV3101
Sophia_241021ninePlant2,0.120314247,Sophia_241021,GV3101
Sophia_241021ninePlant3,0.05392372,Sophia_241021,GV3101
Sophia_241021ninePlant4,0.088504902,Sophia_241021,GV3101
Sophia_241021ninePlant5,0.097027611,Sophia_241021,GV3101
Sophia_241021ninePlant6,0.12569492,Sophia_241021,GV3101
Sophia_241021nineteenPlant1,0.149288544,Sophia_241021,GV3101
Sophia_241021nineteenPlant2,0.207675685,Sophia_241021,GV3101
Sophia_241021nineteenPlant3,0.139547602,Sophia_241021,GV3101
Sophia_241021nineteenPlant4,0.182020103,Sophia_241021,GV3101
Sophia_241021nineteenPlant5,0.249734121,Sophia_241021,GV3101
Sophia_241021nineteenPlant6,0.346677066,Sophia_241021,GV3101
Sophia_241021onePlant1,0.157510462,Sophia_241021,GV3101
Sophia_241021onePlant2,0.217257761,Sophia_241021,GV3101
Sophia_241021onePlant3,0.148488002,Sophia_241021,GV3101
Sophia_241021onePlant4,0.154371398,Sophia_241021,GV3101
Sophia_241021onePlant5,0.140846811,Sophia_241021,GV3101
Sophia_241021onePlant6,0.105265238,Sophia_241021,GV3101
Sophia_241021sevenPlant1,0.283025556,Sophia_241021,GV3101
Sophia_241021sevenPlant2,0.258873922,Sophia_241021,GV3101
Sophia_241021sevenPlant3,0.134429444,Sophia_241021,GV3101
Sophia_241021sevenPlant4,0.136003381,Sophia_241021,GV3101
Sophia_241021sevenPlant5,0.177434903,Sophia_241021,GV3101
Sophia_241021sevenPlant6,0.126488536,Sophia_241021,GV3101
Sophia_241021seventeenPlant1,0.279165307,Sophia_241021,GV3101
Sophia_241021seventeenPlant2,0.121861718,Sophia_241021,GV3101
Sophia_241021seventeenPlant3,0.143591301,Sophia_241021,GV3101
Sophia_241021seventeenPlant4,0.164969561,Sophia_241021,GV3101
Sophia_241021seventeenPlant5,0.171018722,Sophia_241021,GV3101
Sophia_241021seventeenPlant6,0.308748891,Sophia_241021,GV3101
Sophia_241021sixPlant1,0.178059017,Sophia_241021,GV3101
Sophia_241021sixPlant2,0.252761399,Sophia_241021,GV3101
Sophia_241021sixPlant3,0.136732807,Sophia_241021,GV3101
Sophia_241021sixPlant4,0.108064567,Sophia_241021,GV3101
Sophia_241021sixPlant5,0.223302143,Sophia_241021,GV3101
Sophia_241021sixPlant6,0.360864738,Sophia_241021,GV3101
Sophia_241021sixteenPlant1,0.185669943,Sophia_241021,GV3101
Sophia_241021sixteenPlant2,0.138099914,Sophia_241021,GV3101
Sophia_241021sixteenPlant3,0.111331353,Sophia_241021,GV3101
Sophia_241021sixteenPlant4,0.20999607,Sophia_241021,GV3101
Sophia_241021sixteenPlant5,0.178250469,Sophia_241021,GV3101
Sophia_241021sixteenPlant6,0.253103436,Sophia_241021,GV3101
Sophia_241021tenPlant1,0.307758874,Sophia_241021,GV3101
Sophia_241021tenPlant2,0.273470452,Sophia_241021,GV3101
Sophia_241021tenPlant3,0.177626529,Sophia_241021,GV3101
Sophia_241021tenPlant4,0.180562554,Sophia_241021,GV3101
Sophia_241021tenPlant5,0.128877327,Sophia_241021,GV3101
Sophia_241021tenPlant6,0.275275766,Sophia_241021,GV3101
Sophia_241021thirteenPlant1,0.163647086,Sophia_241021,GV3101
Sophia_241021thirteenPlant2,0.214695309,Sophia_241021,GV3101
Sophia_241021thirteenPlant3,0.156275045,Sophia_241021,GV3101
Sophia_241021thirteenPlant4,0.112474688,Sophia_241021,GV3101
Sophia_241021thirteenPlant5,0.295310899,Sophia_241021,GV3101
Sophia_241021thirteenPlant6,0.151723936,Sophia_241021,GV3101
Sophia_241021threePlant1,0.111916595,Sophia_241021,GV3101
Sophia_241021threePlant2,0.17066594,Sophia_241021,GV3101
Sophia_241021threePlant3,0.162994177,Sophia_241021,GV3101
Sophia_241021threePlant4,0.112935863,Sophia_241021,GV3101
Sophia_241021threePlant5,0.148500262,Sophia_241021,GV3101
Sophia_241021threePlant6,0.167209569,Sophia_241021,GV3101
Sophia_241021twelvePlant1,0.675544888,Sophia_241021,GV3101
Sophia_241021twelvePlant2,0.339196821,Sophia_241021,GV3101
Sophia_241021twelvePlant3,0.308315592,Sophia_241021,GV3101
Sophia_241021twelvePlant4,0.330091671,Sophia_241021,GV3101
Sophia_241021twelvePlant5,0.271772416,Sophia_241021,GV3101
Sophia_241021twelvePlant6,0.237662864,Sophia_241021,GV3101
Sophia_241021twoPlant1,0.234356094,Sophia_241021,GV3101
Sophia_241021twoPlant2,0.188148602,Sophia_241021,GV3101
Sophia_241021twoPlant3,0.131275648,Sophia_241021,GV3101
Sophia_241021twoPlant4,0.107086782,Sophia_241021,GV3101
Sophia_241021twoPlant5,0.194289421,Sophia_241021,GV3101
Sophia_241021twoPlant6,0.103036231,Sophia_241021,GV3101
Sophia_241028eightPlant1,0.277241005,Sophia_241028,GV3101
Sophia_241028eightPlant2,0.101516957,Sophia_241028,GV3101
Sophia_241028eightPlant3,0.120163988,Sophia_241028,GV3101
Sophia_241028eightPlant4,0.088977383,Sophia_241028,GV3101
Sophia_241028eightPlant5,0.092540914,Sophia_241028,GV3101
Sophia_241028eightPlant6,0.332276339,Sophia_241028,GV3101
Sophia_241028elevenPlant1,0.699868611,Sophia_241028,GV3101
Sophia_241028elevenPlant2,0.612887985,Sophia_241028,GV3101
Sophia_241028elevenPlant3,0.354348677,Sophia_241028,GV3101
Sophia_241028elevenPlant4,0.771560059,Sophia_241028,GV3101
Sophia_241028elevenPlant5,0.465787589,Sophia_241028,GV3101
Sophia_241028elevenPlant6,0.459751258,Sophia_241028,GV3101
Sophia_241028fifteenPlant1,0.182860963,Sophia_241028,GV3101
Sophia_241028fifteenPlant2,0.174783424,Sophia_241028,GV3101
Sophia_241028fifteenPlant3,0.188383811,Sophia_241028,GV3101
Sophia_241028fifteenPlant4,0.147015712,Sophia_241028,GV3101
Sophia_241028fifteenPlant5,0.178612418,Sophia_241028,GV3101
Sophia_241028fifteenPlant6,0.432005586,Sophia_241028,GV3101
Sophia_241028fivePlant1,0.177637098,Sophia_241028,GV3101
Sophia_241028fivePlant2,0.696821392,Sophia_241028,GV3101
Sophia_241028fivePlant3,0.264462537,Sophia_241028,GV3101
Sophia_241028fivePlant4,0.18135876,Sophia_241028,GV3101
Sophia_241028fivePlant5,0.177577461,Sophia_241028,GV3101
Sophia_241028fivePlant6,0.165354529,Sophia_241028,GV3101
Sophia_241028fourPlant1,0.167009414,Sophia_241028,GV3101
Sophia_241028fourPlant2,0.148342728,Sophia_241028,GV3101
Sophia_241028fourPlant3,0.258840505,Sophia_241028,GV3101
Sophia_241028fourPlant4,0.181877355,Sophia_241028,GV3101
Sophia_241028fourPlant5,0.271817838,Sophia_241028,GV3101
Sophia_241028fourPlant6,0.296622943,Sophia_241028,GV3101
Sophia_241028fourteenPlant1,0.2845658,Sophia_241028,GV3101
Sophia_241028fourteenPlant2,0.422860035,Sophia_241028,GV3101
Sophia_241028fourteenPlant3,0.352868441,Sophia_241028,GV3101
Sophia_241028fourteenPlant4,0.23923556,Sophia_241028,GV3101
Sophia_241028fourteenPlant5,0.269021469,Sophia_241028,GV3101
Sophia_241028fourteenPlant6,0.158652549,Sophia_241028,GV3101
Sophia_241028ninePlant1,0.35158482,Sophia_241028,GV3101
Sophia_241028ninePlant2,0.21139805,Sophia_241028,GV3101
Sophia_241028ninePlant3,0.474868782,Sophia_241028,GV3101
Sophia_241028ninePlant4,0.338569395,Sophia_241028,GV3101
Sophia_241028ninePlant5,0.143824667,Sophia_241028,GV3101
Sophia_241028ninePlant6,0.273542077,Sophia_241028,GV3101
Sophia_241028onePlant1,0.086029029,Sophia_241028,GV3101
Sophia_241028onePlant2,0.306442572,Sophia_241028,GV3101
Sophia_241028onePlant3,0.272796152,Sophia_241028,GV3101
Sophia_241028onePlant4,0.168744042,Sophia_241028,GV3101
Sophia_241028onePlant5,0.293098017,Sophia_241028,GV3101
Sophia_241028onePlant6,0.111849018,Sophia_241028,GV3101
Sophia_241028sevenPlant1,0.198787799,Sophia_241028,GV3101
Sophia_241028sevenPlant2,0.580018397,Sophia_241028,GV3101
Sophia_241028sevenPlant3,0.218637633,Sophia_241028,GV3101
Sophia_241028sevenPlant4,0.160307881,Sophia_241028,GV3101
Sophia_241028sevenPlant5,0.232309194,Sophia_241028,GV3101
Sophia_241028sevenPlant6,0.238785322,Sophia_241028,GV3101
Sophia_241028seventeenPlant1,0.20874505,Sophia_241028,GV3101
Sophia_241028seventeenPlant2,0.465070517,Sophia_241028,GV3101
Sophia_241028seventeenPlant3,0.213009492,Sophia_241028,GV3101
Sophia_241028seventeenPlant4,0.280873011,Sophia_241028,GV3101
Sophia_241028seventeenPlant5,0.227868574,Sophia_241028,GV3101
Sophia_241028seventeenPlant6,0.270518399,Sophia_241028,GV3101
Sophia_241028sixPlant1,0.131654501,Sophia_241028,GV3101
Sophia_241028sixPlant2,0.218796458,Sophia_241028,GV3101
Sophia_241028sixPlant3,0.227688388,Sophia_241028,GV3101
Sophia_241028sixPlant4,0.146253404,Sophia_241028,GV3101
Sophia_241028sixPlant5,0.779507404,Sophia_241028,GV3101
Sophia_241028sixPlant6,0.362881419,Sophia_241028,GV3101
Sophia_241028sixteenPlant1,0.162798075,Sophia_241028,GV3101
Sophia_241028sixteenPlant2,0.182374167,Sophia_241028,GV3101
Sophia_241028sixteenPlant3,0.196785373,Sophia_241028,GV3101
Sophia_241028sixteenPlant4,0.155850587,Sophia_241028,GV3101
Sophia_241028sixteenPlant5,0.223749411,Sophia_241028,GV3101
Sophia_241028sixteenPlant6,0.150052232,Sophia_241028,GV3101
Sophia_241028tenPlant1,0.275316676,Sophia_241028,GV3101
Sophia_241028tenPlant2,0.315358055,Sophia_241028,GV3101
Sophia_241028tenPlant3,0.230858769,Sophia_241028,GV3101
Sophia_241028tenPlant4,0.236933329,Sophia_241028,GV3101
Sophia_241028tenPlant5,0.45831484,Sophia_241028,GV3101
Sophia_241028tenPlant6,0.223710456,Sophia_241028,GV3101
Sophia_241028thirteenPlant1,0.205564046,Sophia_241028,GV3101
Sophia_241028thirteenPlant2,0.20571476,Sophia_241028,GV3101
Sophia_241028thirteenPlant3,0.222951943,Sophia_241028,GV3101
Sophia_241028thirteenPlant4,0.079270197,Sophia_241028,GV3101
Sophia_241028thirteenPlant5,0.180867447,Sophia_241028,GV3101
Sophia_241028thirteenPlant6,0.195766459,Sophia_241028,GV3101
Sophia_241028threePlant1,0.108688364,Sophia_241028,GV3101
Sophia_241028threePlant2,0.217852304,Sophia_241028,GV3101
Sophia_241028threePlant3,0.213046861,Sophia_241028,GV3101
Sophia_241028threePlant4,0.188825294,Sophia_241028,GV3101
Sophia_241028threePlant5,0.229286174,Sophia_241028,GV3101
Sophia_241028threePlant6,0.10934229,Sophia_241028,GV3101
Sophia_241028twelvePlant1,0.273792381,Sophia_241028,GV3101
Sophia_241028twelvePlant2,0.129910221,Sophia_241028,GV3101
Sophia_241028twelvePlant3,0.172727466,Sophia_241028,GV3101
Sophia_241028twelvePlant4,0.285345907,Sophia_241028,GV3101
Sophia_241028twelvePlant5,0.216410775,Sophia_241028,GV3101
Sophia_241028twelvePlant6,0.154513092,Sophia_241028,GV3101
Sophia_241028twoPlant1,0.15793342,Sophia_241028,GV3101
Sophia_241028twoPlant2,0.171078147,Sophia_241028,GV3101
Sophia_241028twoPlant3,0.177905822,Sophia_241028,GV3101
Sophia_241028twoPlant4,0.176380595,Sophia_241028,GV3101
Sophia_241028twoPlant5,0.154890588,Sophia_241028,GV3101
Sophia_241028twoPlant6,0.158773362,Sophia_241028,GV3101
Sasilada_91,0.320450066,Sasilada_9,GV3101
Sasilada_910,0.386328664,Sasilada_9,GV3101
Sasilada_911,0.419145633,Sasilada_9,GV3101
Sasilada_912,0.249607472,Sasilada_9,GV3101
Sasilada_913,0.387970535,Sasilada_9,GV3101
Sasilada_914,0.320002212,Sasilada_9,GV3101
Sasilada_915,0.394619701,Sasilada_9,GV3101
Sasilada_916,0.323582596,Sasilada_9,GV3101
Sasilada_917,0.334072087,Sasilada_9,GV3101
Sasilada_918,0.417146683,Sasilada_9,GV3101
Sasilada_919,0.472217963,Sasilada_9,GV3101
Sasilada_92,0.206185958,Sasilada_9,GV3101
Sasilada_920,0.415259299,Sasilada_9,GV3101
Sasilada_921,0.27638771,Sasilada_9,GV3101
Sasilada_922,0.41241152,Sasilada_9,GV3101
Sasilada_923,0.528078753,Sasilada_9,GV3101
Sasilada_924,0.355857903,Sasilada_9,GV3101
Sasilada_925,0.182509087,Sasilada_9,GV3101
Sasilada_926,0.376161151,Sasilada_9,GV3101
Sasilada_927,0.47074211,Sasilada_9,GV3101
Sasilada_928,0.427655984,Sasilada_9,GV3101
Sasilada_929,0.322636919,Sasilada_9,GV3101
Sasilada_93,0.272731089,Sasilada_9,GV3101
Sasilada_930,0.431139601,Sasilada_9,GV3101
Sasilada_931,0.446915757,Sasilada_9,GV3101
Sasilada_932,0.425017659,Sasilada_9,GV3101
Sasilada_933,0.422947954,Sasilada_9,GV3101
Sasilada_934,0.307242116,Sasilada_9,GV3101
Sasilada_935,0.435968391,Sasilada_9,GV3101
Sasilada_936,0.346226758,Sasilada_9,GV3101
Sasilada_937,0.232906628,Sasilada_9,GV3101
Sasilada_938,0.254070317,Sasilada_9,GV3101
Sasilada_939,0.435735348,Sasilada_9,GV3101
Sasilada_94,0.665672918,Sasilada_9,GV3101
Sasilada_940,0.329849458,Sasilada_9,GV3101
Sasilada_941,0.163025344,Sasilada_9,GV3101
Sasilada_942,0.326214675,Sasilada_9,GV3101
Sasilada_943,0.310903945,Sasilada_9,GV3101
Sasilada_944,0.437890711,Sasilada_9,GV3101
Sasilada_945,0.436318395,Sasilada_9,GV3101
Sasilada_946,0.369408941,Sasilada_9,GV3101
Sasilada_947,0.551411093,Sasilada_9,GV3101
Sasilada_948,0.259990071,Sasilada_9,GV3101
Sasilada_949,0.20162999,Sasilada_9,GV3101
Sasilada_95,0.445936321,Sasilada_9,GV3101
Sasilada_950,0.368002868,Sasilada_9,GV3101
Sasilada_951,0.25740295,Sasilada_9,GV3101
Sasilada_952,0.297597813,Sasilada_9,GV3101
Sasilada_953,0.312909558,Sasilada_9,GV3101
Sasilada_954,0.355701563,Sasilada_9,GV3101
Sasilada_955,0.55033877,Sasilada_9,GV3101
Sasilada_956,0.333204133,Sasilada_9,GV3101
Sasilada_957,0.333334356,Sasilada_9,GV3101
Sasilada_958,0.219619224,Sasilada_9,GV3101
Sasilada_959,0.272655703,Sasilada_9,GV3101
Sasilada_96,0.40803518,Sasilada_9,GV3101
Sasilada_960,0.335680184,Sasilada_9,GV3101
Sasilada_961,0.165103436,Sasilada_9,GV3101
Sasilada_962,0.27361811,Sasilada_9,GV3101
Sasilada_963,0.332788223,Sasilada_9,GV3101
Sasilada_97,0.338650546,Sasilada_9,GV3101
Sasilada_98,0.311003573,Sasilada_9,GV3101
Sasilada_99,0.455096135,Sasilada_9,GV3101
Ach5EHA1051,0.629976116,Overdrive,EHA105
Ach5GV31011,0.22934874,Overdrive,GV3101
Bo542EHA1051,0.397198663,Overdrive,EHA105
Bo542GV31011,0.241044025,Overdrive,GV3101
C58EHA1051,0.517962918,Overdrive,EHA105
C58GV31011,0.270856057,Overdrive,GV3101
Ach5EHA1052,0.712140576,Overdrive,EHA105
Ach5GV31012,0.143940931,Overdrive,GV3101
Bo542EHA1052,0.293253324,Overdrive,EHA105
Bo542GV31012,0.228847909,Overdrive,GV3101
C58EHA1052,0.680206664,Overdrive,EHA105
C58GV31012,0.103456103,Overdrive,GV3101
Ach5EHA1053,0.270771406,Overdrive,EHA105
Ach5GV31013,0.246325777,Overdrive,GV3101
Bo542EHA1053,0.537018033,Overdrive,EHA105
Bo542GV31013,0.225213299,Overdrive,GV3101
C58EHA1053,0.56745957,Overdrive,EHA105
C58GV31013,0.183207199,Overdrive,GV3101
Ach5EHA1054,0.427526336,Overdrive,EHA105
Ach5GV31014,0.23785312,Overdrive,GV3101
Bo542EHA1054,0.58587651,Overdrive,EHA105
Bo542GV31014,0.326420294,Overdrive,GV3101
C58EHA1054,0.184166759,Overdrive,EHA105
C58GV31014,0.285110834,Overdrive,GV3101